asset_id,中文名称,类别,条目类型,用途关联系统,状态,现有证据,生产方式,依赖接口,基础母版ID,派生规则,验收要求
LIFE-001,住宅床架,居住家具,基础组件,居住家具,已集成代码生成,src/architecture-floor-plan.ts:94–113；src/rendering/architecture-bodies.ts:95–118,共享fixture程序体素,米单位/+Y向上；物理占用与安装接口0.2m网格；共享FloorPlan/真实支撑；保留门洞、楼梯孔、.35m身体/1.72m眼高和功能点净空；home-bed真实2.4×1.2×0.6m；rest当前仍在service/table点，床交互未等同完成,LIFE-001,尺寸/配色按同母版参数派生，不重复计算独立模型,真实WebGL近/远可辨；细体素与PBR、光照和轮廓验收；资源按所有权释放；代码存在不等于美术合格
LIFE-002,床垫基础块,居住家具,基础组件,居住家具,已集成代码生成,src/rendering/architecture-bodies.ts:112–118,程序体素；当前单浅色块待细节升级,米单位/+Y向上；物理占用与安装接口0.2m网格；共享FloorPlan/真实支撑；保留门洞、楼梯孔、.35m身体/1.72m眼高和功能点净空,LIFE-001,尺寸/配色按同母版参数派生，不重复计算独立模型,真实WebGL近/远可辨；细体素与PBR、光照和轮廓验收；资源按所有权释放；代码存在不等于美术合格
LIFE-003,床头靠板,居住家具,基础组件,居住家具,缺失待制,目标：提示词.md；对应系统存在不表示实体资产存在,程序精细体素+材质，复杂视觉件可选Tripo,米单位/+Y向上；物理占用与安装接口0.2m网格；共享FloorPlan/真实支撑；保留门洞、楼梯孔、.35m身体/1.72m眼高和功能点净空；按真实室内布局生成占用；沙发/床软垫可选Tripo视觉母版，不能替代共享碰撞/使用点,LIFE-003,尺寸/配色按同母版参数派生，不重复计算独立模型,真实WebGL近/远可辨；细体素与PBR、光照和轮廓验收；资源按所有权释放；代码存在不等于美术合格
LIFE-004,被褥及枕头组合,居住家具,基础组件,居住家具,缺失待制,目标：提示词.md；对应系统存在不表示实体资产存在,程序精细体素+材质，复杂视觉件可选Tripo,米单位/+Y向上；物理占用与安装接口0.2m网格；共享FloorPlan/真实支撑；保留门洞、楼梯孔、.35m身体/1.72m眼高和功能点净空；按真实室内布局生成占用；沙发/床软垫可选Tripo视觉母版，不能替代共享碰撞/使用点,LIFE-004,尺寸/配色按同母版参数派生，不重复计算独立模型,真实WebGL近/远可辨；细体素与PBR、光照和轮廓验收；资源按所有权释放；代码存在不等于美术合格
LIFE-005,床边收纳柜,居住家具,基础组件,居住家具,缺失待制,目标：提示词.md；对应系统存在不表示实体资产存在,程序精细体素+材质，复杂视觉件可选Tripo,米单位/+Y向上；物理占用与安装接口0.2m网格；共享FloorPlan/真实支撑；保留门洞、楼梯孔、.35m身体/1.72m眼高和功能点净空；按真实室内布局生成占用；沙发/床软垫可选Tripo视觉母版，不能替代共享碰撞/使用点,LIFE-005,尺寸/配色按同母版参数派生，不重复计算独立模型,真实WebGL近/远可辨；细体素与PBR、光照和轮廓验收；资源按所有权释放；代码存在不等于美术合格
LIFE-006,衣柜框体,居住家具,基础组件,居住家具,缺失待制,目标：提示词.md；对应系统存在不表示实体资产存在,程序精细体素+材质，复杂视觉件可选Tripo,米单位/+Y向上；物理占用与安装接口0.2m网格；共享FloorPlan/真实支撑；保留门洞、楼梯孔、.35m身体/1.72m眼高和功能点净空；按真实室内布局生成占用；沙发/床软垫可选Tripo视觉母版，不能替代共享碰撞/使用点,LIFE-006,尺寸/配色按同母版参数派生，不重复计算独立模型,真实WebGL近/远可辨；细体素与PBR、光照和轮廓验收；资源按所有权释放；代码存在不等于美术合格
LIFE-007,衣柜门叶与把手,居住家具,基础组件,居住家具,缺失待制,目标：提示词.md；对应系统存在不表示实体资产存在,程序精细体素+材质，复杂视觉件可选Tripo,米单位/+Y向上；物理占用与安装接口0.2m网格；共享FloorPlan/真实支撑；保留门洞、楼梯孔、.35m身体/1.72m眼高和功能点净空；按真实室内布局生成占用；沙发/床软垫可选Tripo视觉母版，不能替代共享碰撞/使用点,LIFE-007,尺寸/配色按同母版参数派生，不重复计算独立模型,真实WebGL近/远可辨；细体素与PBR、光照和轮廓验收；资源按所有权释放；代码存在不等于美术合格
LIFE-008,衣物收纳隔层,居住家具,基础组件,居住家具,缺失待制,目标：提示词.md；对应系统存在不表示实体资产存在,程序精细体素+材质，复杂视觉件可选Tripo,米单位/+Y向上；物理占用与安装接口0.2m网格；共享FloorPlan/真实支撑；保留门洞、楼梯孔、.35m身体/1.72m眼高和功能点净空；按真实室内布局生成占用；沙发/床软垫可选Tripo视觉母版，不能替代共享碰撞/使用点,LIFE-008,尺寸/配色按同母版参数派生，不重复计算独立模型,真实WebGL近/远可辨；细体素与PBR、光照和轮廓验收；资源按所有权释放；代码存在不等于美术合格
LIFE-009,梳妆镜框,居住家具,基础组件,居住家具,缺失待制,目标：提示词.md；对应系统存在不表示实体资产存在,程序精细体素+材质，复杂视觉件可选Tripo,米单位/+Y向上；物理占用与安装接口0.2m网格；共享FloorPlan/真实支撑；保留门洞、楼梯孔、.35m身体/1.72m眼高和功能点净空；按真实室内布局生成占用；沙发/床软垫可选Tripo视觉母版，不能替代共享碰撞/使用点,LIFE-009,尺寸/配色按同母版参数派生，不重复计算独立模型,真实WebGL近/远可辨；细体素与PBR、光照和轮廓验收；资源按所有权释放；代码存在不等于美术合格
LIFE-010,沙发框架,居住家具,基础组件,居住家具,缺失待制,目标：提示词.md；对应系统存在不表示实体资产存在,程序精细体素+材质，复杂视觉件可选Tripo,米单位/+Y向上；物理占用与安装接口0.2m网格；共享FloorPlan/真实支撑；保留门洞、楼梯孔、.35m身体/1.72m眼高和功能点净空；按真实室内布局生成占用；沙发/床软垫可选Tripo视觉母版，不能替代共享碰撞/使用点,LIFE-010,尺寸/配色按同母版参数派生，不重复计算独立模型,真实WebGL近/远可辨；细体素与PBR、光照和轮廓验收；资源按所有权释放；代码存在不等于美术合格
LIFE-011,沙发软垫靠背,居住家具,基础组件,居住家具,缺失待制,目标：提示词.md；对应系统存在不表示实体资产存在,程序精细体素+材质，复杂视觉件可选Tripo,米单位/+Y向上；物理占用与安装接口0.2m网格；共享FloorPlan/真实支撑；保留门洞、楼梯孔、.35m身体/1.72m眼高和功能点净空；按真实室内布局生成占用；沙发/床软垫可选Tripo视觉母版，不能替代共享碰撞/使用点,LIFE-011,尺寸/配色按同母版参数派生，不重复计算独立模型,真实WebGL近/远可辨；细体素与PBR、光照和轮廓验收；资源按所有权释放；代码存在不等于美术合格
LIFE-012,扶手椅框架,居住家具,基础组件,居住家具,缺失待制,目标：提示词.md；对应系统存在不表示实体资产存在,程序精细体素+材质，复杂视觉件可选Tripo,米单位/+Y向上；物理占用与安装接口0.2m网格；共享FloorPlan/真实支撑；保留门洞、楼梯孔、.35m身体/1.72m眼高和功能点净空；按真实室内布局生成占用；沙发/床软垫可选Tripo视觉母版，不能替代共享碰撞/使用点,LIFE-012,尺寸/配色按同母版参数派生，不重复计算独立模型,真实WebGL近/远可辨；细体素与PBR、光照和轮廓验收；资源按所有权释放；代码存在不等于美术合格
LIFE-013,扶手椅软垫,居住家具,基础组件,居住家具,缺失待制,目标：提示词.md；对应系统存在不表示实体资产存在,程序精细体素+材质，复杂视觉件可选Tripo,米单位/+Y向上；物理占用与安装接口0.2m网格；共享FloorPlan/真实支撑；保留门洞、楼梯孔、.35m身体/1.72m眼高和功能点净空；按真实室内布局生成占用；沙发/床软垫可选Tripo视觉母版，不能替代共享碰撞/使用点,LIFE-013,尺寸/配色按同母版参数派生，不重复计算独立模型,真实WebGL近/远可辨；细体素与PBR、光照和轮廓验收；资源按所有权释放；代码存在不等于美术合格
LIFE-014,茶几桌架,居住家具,基础组件,居住家具,缺失待制,目标：提示词.md；对应系统存在不表示实体资产存在,程序精细体素+材质，复杂视觉件可选Tripo,米单位/+Y向上；物理占用与安装接口0.2m网格；共享FloorPlan/真实支撑；保留门洞、楼梯孔、.35m身体/1.72m眼高和功能点净空；按真实室内布局生成占用；沙发/床软垫可选Tripo视觉母版，不能替代共享碰撞/使用点,LIFE-014,尺寸/配色按同母版参数派生，不重复计算独立模型,真实WebGL近/远可辨；细体素与PBR、光照和轮廓验收；资源按所有权释放；代码存在不等于美术合格
LIFE-015,茶几台面,居住家具,基础组件,居住家具,缺失待制,目标：提示词.md；对应系统存在不表示实体资产存在,程序精细体素+材质，复杂视觉件可选Tripo,米单位/+Y向上；物理占用与安装接口0.2m网格；共享FloorPlan/真实支撑；保留门洞、楼梯孔、.35m身体/1.72m眼高和功能点净空；按真实室内布局生成占用；沙发/床软垫可选Tripo视觉母版，不能替代共享碰撞/使用点,LIFE-015,尺寸/配色按同母版参数派生，不重复计算独立模型,真实WebGL近/远可辨；细体素与PBR、光照和轮廓验收；资源按所有权释放；代码存在不等于美术合格
LIFE-016,办公桌桌架,居住家具,基础组件,居住家具,缺失待制,目标：提示词.md；对应系统存在不表示实体资产存在,程序精细体素+材质，复杂视觉件可选Tripo,米单位/+Y向上；物理占用与安装接口0.2m网格；共享FloorPlan/真实支撑；保留门洞、楼梯孔、.35m身体/1.72m眼高和功能点净空；按真实室内布局生成占用；沙发/床软垫可选Tripo视觉母版，不能替代共享碰撞/使用点,LIFE-016,尺寸/配色按同母版参数派生，不重复计算独立模型,真实WebGL近/远可辨；细体素与PBR、光照和轮廓验收；资源按所有权释放；代码存在不等于美术合格
LIFE-017,办公桌抽屉模块,居住家具,基础组件,居住家具,缺失待制,目标：提示词.md；对应系统存在不表示实体资产存在,程序精细体素+材质，复杂视觉件可选Tripo,米单位/+Y向上；物理占用与安装接口0.2m网格；共享FloorPlan/真实支撑；保留门洞、楼梯孔、.35m身体/1.72m眼高和功能点净空；按真实室内布局生成占用；沙发/床软垫可选Tripo视觉母版，不能替代共享碰撞/使用点,LIFE-017,尺寸/配色按同母版参数派生，不重复计算独立模型,真实WebGL近/远可辨；细体素与PBR、光照和轮廓验收；资源按所有权释放；代码存在不等于美术合格
LIFE-018,桌面显示器与支座,居住家具,基础组件,居住家具,缺失待制,目标：提示词.md；对应系统存在不表示实体资产存在,程序精细体素+材质，复杂视觉件可选Tripo,米单位/+Y向上；物理占用与安装接口0.2m网格；共享FloorPlan/真实支撑；保留门洞、楼梯孔、.35m身体/1.72m眼高和功能点净空；按真实室内布局生成占用；沙发/床软垫可选Tripo视觉母版，不能替代共享碰撞/使用点,LIFE-018,尺寸/配色按同母版参数派生，不重复计算独立模型,真实WebGL近/远可辨；细体素与PBR、光照和轮廓验收；资源按所有权释放；代码存在不等于美术合格
LIFE-019,桌面输入设备托板,居住家具,基础组件,居住家具,缺失待制,目标：提示词.md；对应系统存在不表示实体资产存在,程序精细体素+材质，复杂视觉件可选Tripo,米单位/+Y向上；物理占用与安装接口0.2m网格；共享FloorPlan/真实支撑；保留门洞、楼梯孔、.35m身体/1.72m眼高和功能点净空；按真实室内布局生成占用；沙发/床软垫可选Tripo视觉母版，不能替代共享碰撞/使用点,LIFE-019,尺寸/配色按同母版参数派生，不重复计算独立模型,真实WebGL近/远可辨；细体素与PBR、光照和轮廓验收；资源按所有权释放；代码存在不等于美术合格
LIFE-020,书桌灯,居住家具,基础组件,居住家具,缺失待制,目标：提示词.md；对应系统存在不表示实体资产存在,程序精细体素+材质，复杂视觉件可选Tripo,米单位/+Y向上；物理占用与安装接口0.2m网格；共享FloorPlan/真实支撑；保留门洞、楼梯孔、.35m身体/1.72m眼高和功能点净空；按真实室内布局生成占用；沙发/床软垫可选Tripo视觉母版，不能替代共享碰撞/使用点,LIFE-020,尺寸/配色按同母版参数派生，不重复计算独立模型,真实WebGL近/远可辨；细体素与PBR、光照和轮廓验收；资源按所有权释放；代码存在不等于美术合格
LIFE-021,餐桌桌架,居住家具,基础组件,居住家具,缺失待制,目标：提示词.md；对应系统存在不表示实体资产存在,程序精细体素+材质，复杂视觉件可选Tripo,米单位/+Y向上；物理占用与安装接口0.2m网格；共享FloorPlan/真实支撑；保留门洞、楼梯孔、.35m身体/1.72m眼高和功能点净空；按真实室内布局生成占用；沙发/床软垫可选Tripo视觉母版，不能替代共享碰撞/使用点,LIFE-021,尺寸/配色按同母版参数派生，不重复计算独立模型,真实WebGL近/远可辨；细体素与PBR、光照和轮廓验收；资源按所有权释放；代码存在不等于美术合格
LIFE-022,餐椅,居住家具,基础组件,居住家具,缺失待制,目标：提示词.md；对应系统存在不表示实体资产存在,程序精细体素+材质，复杂视觉件可选Tripo,米单位/+Y向上；物理占用与安装接口0.2m网格；共享FloorPlan/真实支撑；保留门洞、楼梯孔、.35m身体/1.72m眼高和功能点净空；按真实室内布局生成占用；沙发/床软垫可选Tripo视觉母版，不能替代共享碰撞/使用点,LIFE-022,尺寸/配色按同母版参数派生，不重复计算独立模型,真实WebGL近/远可辨；细体素与PBR、光照和轮廓验收；资源按所有权释放；代码存在不等于美术合格
LIFE-023,小圆凳,居住家具,基础组件,居住家具,缺失待制,目标：提示词.md；对应系统存在不表示实体资产存在,程序精细体素+材质，复杂视觉件可选Tripo,米单位/+Y向上；物理占用与安装接口0.2m网格；共享FloorPlan/真实支撑；保留门洞、楼梯孔、.35m身体/1.72m眼高和功能点净空；按真实室内布局生成占用；沙发/床软垫可选Tripo视觉母版，不能替代共享碰撞/使用点,LIFE-023,尺寸/配色按同母版参数派生，不重复计算独立模型,真实WebGL近/远可辨；细体素与PBR、光照和轮廓验收；资源按所有权释放；代码存在不等于美术合格
LIFE-024,玄关鞋柜,居住家具,基础组件,居住家具,缺失待制,目标：提示词.md；对应系统存在不表示实体资产存在,程序精细体素+材质，复杂视觉件可选Tripo,米单位/+Y向上；物理占用与安装接口0.2m网格；共享FloorPlan/真实支撑；保留门洞、楼梯孔、.35m身体/1.72m眼高和功能点净空；按真实室内布局生成占用；沙发/床软垫可选Tripo视觉母版，不能替代共享碰撞/使用点,LIFE-024,尺寸/配色按同母版参数派生，不重复计算独立模型,真实WebGL近/远可辨；细体素与PBR、光照和轮廓验收；资源按所有权释放；代码存在不等于美术合格
LIFE-025,墙面置物层板,居住家具,基础组件,居住家具,缺失待制,目标：提示词.md；对应系统存在不表示实体资产存在,程序精细体素+材质，复杂视觉件可选Tripo,米单位/+Y向上；物理占用与安装接口0.2m网格；共享FloorPlan/真实支撑；保留门洞、楼梯孔、.35m身体/1.72m眼高和功能点净空；按真实室内布局生成占用；沙发/床软垫可选Tripo视觉母版，不能替代共享碰撞/使用点,LIFE-025,尺寸/配色按同母版参数派生，不重复计算独立模型,真实WebGL近/远可辨；细体素与PBR、光照和轮廓验收；资源按所有权释放；代码存在不等于美术合格
LIFE-026,窗帘挂轨,居住家具,基础组件,居住家具,缺失待制,目标：提示词.md；对应系统存在不表示实体资产存在,程序精细体素+材质，复杂视觉件可选Tripo,米单位/+Y向上；物理占用与安装接口0.2m网格；共享FloorPlan/真实支撑；保留门洞、楼梯孔、.35m身体/1.72m眼高和功能点净空；按真实室内布局生成占用；沙发/床软垫可选Tripo视觉母版，不能替代共享碰撞/使用点,LIFE-026,尺寸/配色按同母版参数派生，不重复计算独立模型,真实WebGL近/远可辨；细体素与PBR、光照和轮廓验收；资源按所有权释放；代码存在不等于美术合格
LIFE-027,窗帘帘片,居住家具,基础组件,居住家具,缺失待制,目标：提示词.md；对应系统存在不表示实体资产存在,程序精细体素+材质，复杂视觉件可选Tripo,米单位/+Y向上；物理占用与安装接口0.2m网格；共享FloorPlan/真实支撑；保留门洞、楼梯孔、.35m身体/1.72m眼高和功能点净空；按真实室内布局生成占用；沙发/床软垫可选Tripo视觉母版，不能替代共享碰撞/使用点,LIFE-027,尺寸/配色按同母版参数派生，不重复计算独立模型,真实WebGL近/远可辨；细体素与PBR、光照和轮廓验收；资源按所有权释放；代码存在不等于美术合格
LIFE-028,室内顶灯,居住家具,基础组件,居住家具,缺失待制,目标：提示词.md；对应系统存在不表示实体资产存在,程序精细体素+材质，复杂视觉件可选Tripo,米单位/+Y向上；物理占用与安装接口0.2m网格；共享FloorPlan/真实支撑；保留门洞、楼梯孔、.35m身体/1.72m眼高和功能点净空；按真实室内布局生成占用；沙发/床软垫可选Tripo视觉母版，不能替代共享碰撞/使用点,LIFE-028,尺寸/配色按同母版参数派生，不重复计算独立模型,真实WebGL近/远可辨；细体素与PBR、光照和轮廓验收；资源按所有权释放；代码存在不等于美术合格
LIFE-029,壁灯灯体,居住家具,基础组件,居住家具,缺失待制,目标：提示词.md；对应系统存在不表示实体资产存在,程序精细体素+材质，复杂视觉件可选Tripo,米单位/+Y向上；物理占用与安装接口0.2m网格；共享FloorPlan/真实支撑；保留门洞、楼梯孔、.35m身体/1.72m眼高和功能点净空；按真实室内布局生成占用；沙发/床软垫可选Tripo视觉母版，不能替代共享碰撞/使用点,LIFE-029,尺寸/配色按同母版参数派生，不重复计算独立模型,真实WebGL近/远可辨；细体素与PBR、光照和轮廓验收；资源按所有权释放；代码存在不等于美术合格
LIFE-030,室内电源/控制面板,居住家具,基础组件,居住家具,缺失待制,目标：提示词.md；对应系统存在不表示实体资产存在,程序精细体素+材质，复杂视觉件可选Tripo,米单位/+Y向上；物理占用与安装接口0.2m网格；共享FloorPlan/真实支撑；保留门洞、楼梯孔、.35m身体/1.72m眼高和功能点净空；按真实室内布局生成占用；沙发/床软垫可选Tripo视觉母版，不能替代共享碰撞/使用点,LIFE-030,尺寸/配色按同母版参数派生，不重复计算独立模型,真实WebGL近/远可辨；细体素与PBR、光照和轮廓验收；资源按所有权释放；代码存在不等于美术合格
LIFE-031,起居地毯,居住家具,基础组件,居住家具,缺失待制,目标：提示词.md；对应系统存在不表示实体资产存在,程序精细体素+材质，复杂视觉件可选Tripo,米单位/+Y向上；物理占用与安装接口0.2m网格；共享FloorPlan/真实支撑；保留门洞、楼梯孔、.35m身体/1.72m眼高和功能点净空；按真实室内布局生成占用；沙发/床软垫可选Tripo视觉母版，不能替代共享碰撞/使用点,LIFE-031,尺寸/配色按同母版参数派生，不重复计算独立模型,真实WebGL近/远可辨；细体素与PBR、光照和轮廓验收；资源按所有权释放；代码存在不等于美术合格
LIFE-032,通用工作桌,居住家具,基础组件,居住家具,已集成代码生成,src/architecture-floor-plan.ts:94–113；src/rendering/architecture-bodies.ts:95–118,共享fixture程序体素,米单位/+Y向上；物理占用与安装接口0.2m网格；共享FloorPlan/真实支撑；保留门洞、楼梯孔、.35m身体/1.72m眼高和功能点净空；真实2.4×1.2m桌面/0.8m高；不额外生成岗位或工资,LIFE-032,尺寸/配色按同母版参数派生，不重复计算独立模型,真实WebGL近/远可辨；细体素与PBR、光照和轮廓验收；资源按所有权释放；代码存在不等于美术合格
LIFE-033,办公桌尺寸与材质变体,家具变体,配色尺寸变体,家具变体,缺失待制,目标：提示词.md；对应系统存在不表示实体资产存在,受控参数变体,米单位/+Y向上；物理占用与安装接口0.2m网格；共享FloorPlan/真实支撑；保留门洞、楼梯孔、.35m身体/1.72m眼高和功能点净空,LIFE-016,同母版适配声明范围；禁止随机拉伸细部、侵占功能点或作为新模型计数,真实WebGL近/远可辨；细体素与PBR、光照和轮廓验收；资源按所有权释放；代码存在不等于美术合格
LIFE-034,茶几尺寸与材质变体,家具变体,配色尺寸变体,家具变体,缺失待制,目标：提示词.md；对应系统存在不表示实体资产存在,受控参数变体,米单位/+Y向上；物理占用与安装接口0.2m网格；共享FloorPlan/真实支撑；保留门洞、楼梯孔、.35m身体/1.72m眼高和功能点净空,LIFE-014,同母版适配声明范围；禁止随机拉伸细部、侵占功能点或作为新模型计数,真实WebGL近/远可辨；细体素与PBR、光照和轮廓验收；资源按所有权释放；代码存在不等于美术合格
LIFE-035,床型与寝具配色变体,家具变体,配色尺寸变体,家具变体,缺失待制,目标：提示词.md；对应系统存在不表示实体资产存在,受控参数变体,米单位/+Y向上；物理占用与安装接口0.2m网格；共享FloorPlan/真实支撑；保留门洞、楼梯孔、.35m身体/1.72m眼高和功能点净空,LIFE-001,同母版适配声明范围；禁止随机拉伸细部、侵占功能点或作为新模型计数,真实WebGL近/远可辨；细体素与PBR、光照和轮廓验收；资源按所有权释放；代码存在不等于美术合格
LIFE-036,沙发长度与布料变体,家具变体,配色尺寸变体,家具变体,缺失待制,目标：提示词.md；对应系统存在不表示实体资产存在,受控参数变体,米单位/+Y向上；物理占用与安装接口0.2m网格；共享FloorPlan/真实支撑；保留门洞、楼梯孔、.35m身体/1.72m眼高和功能点净空,LIFE-010,同母版适配声明范围；禁止随机拉伸细部、侵占功能点或作为新模型计数,真实WebGL近/远可辨；细体素与PBR、光照和轮廓验收；资源按所有权释放；代码存在不等于美术合格
LIFE-037,厨房操作台柜体,厨房卫浴,基础组件,居住/家务/美食/水电卫生,缺失待制,目标：提示词.md；对应系统存在不表示实体资产存在,程序精细体素+材质，复杂视觉件可选Tripo,米单位/+Y向上；物理占用与安装接口0.2m网格；共享FloorPlan/真实支撑；保留门洞、楼梯孔、.35m身体/1.72m眼高和功能点净空；水电接头/柜门/可用点要实际接入；当前未核出生产中完整厨房卫浴mesh,LIFE-037,尺寸/配色按同母版参数派生，不重复计算独立模型,真实WebGL近/远可辨；细体素与PBR、光照和轮廓验收；资源按所有权释放；代码存在不等于美术合格
LIFE-038,厨房台面,厨房卫浴,基础组件,居住/家务/美食/水电卫生,缺失待制,目标：提示词.md；对应系统存在不表示实体资产存在,程序精细体素+材质，复杂视觉件可选Tripo,米单位/+Y向上；物理占用与安装接口0.2m网格；共享FloorPlan/真实支撑；保留门洞、楼梯孔、.35m身体/1.72m眼高和功能点净空；水电接头/柜门/可用点要实际接入；当前未核出生产中完整厨房卫浴mesh,LIFE-038,尺寸/配色按同母版参数派生，不重复计算独立模型,真实WebGL近/远可辨；细体素与PBR、光照和轮廓验收；资源按所有权释放；代码存在不等于美术合格
LIFE-039,厨房灶具及烟罩,厨房卫浴,基础组件,居住/家务/美食/水电卫生,缺失待制,目标：提示词.md；对应系统存在不表示实体资产存在,程序精细体素+材质，复杂视觉件可选Tripo,米单位/+Y向上；物理占用与安装接口0.2m网格；共享FloorPlan/真实支撑；保留门洞、楼梯孔、.35m身体/1.72m眼高和功能点净空；水电接头/柜门/可用点要实际接入；当前未核出生产中完整厨房卫浴mesh,LIFE-039,尺寸/配色按同母版参数派生，不重复计算独立模型,真实WebGL近/远可辨；细体素与PBR、光照和轮廓验收；资源按所有权释放；代码存在不等于美术合格
LIFE-040,厨房水槽及龙头,厨房卫浴,基础组件,居住/家务/美食/水电卫生,缺失待制,目标：提示词.md；对应系统存在不表示实体资产存在,程序精细体素+材质，复杂视觉件可选Tripo,米单位/+Y向上；物理占用与安装接口0.2m网格；共享FloorPlan/真实支撑；保留门洞、楼梯孔、.35m身体/1.72m眼高和功能点净空；水电接头/柜门/可用点要实际接入；当前未核出生产中完整厨房卫浴mesh,LIFE-040,尺寸/配色按同母版参数派生，不重复计算独立模型,真实WebGL近/远可辨；细体素与PBR、光照和轮廓验收；资源按所有权释放；代码存在不等于美术合格
LIFE-041,厨房吊柜,厨房卫浴,基础组件,居住/家务/美食/水电卫生,缺失待制,目标：提示词.md；对应系统存在不表示实体资产存在,程序精细体素+材质，复杂视觉件可选Tripo,米单位/+Y向上；物理占用与安装接口0.2m网格；共享FloorPlan/真实支撑；保留门洞、楼梯孔、.35m身体/1.72m眼高和功能点净空；水电接头/柜门/可用点要实际接入；当前未核出生产中完整厨房卫浴mesh,LIFE-041,尺寸/配色按同母版参数派生，不重复计算独立模型,真实WebGL近/远可辨；细体素与PBR、光照和轮廓验收；资源按所有权释放；代码存在不等于美术合格
LIFE-042,食品储物柜,厨房卫浴,基础组件,居住/家务/美食/水电卫生,缺失待制,目标：提示词.md；对应系统存在不表示实体资产存在,程序精细体素+材质，复杂视觉件可选Tripo,米单位/+Y向上；物理占用与安装接口0.2m网格；共享FloorPlan/真实支撑；保留门洞、楼梯孔、.35m身体/1.72m眼高和功能点净空；水电接头/柜门/可用点要实际接入；当前未核出生产中完整厨房卫浴mesh,LIFE-042,尺寸/配色按同母版参数派生，不重复计算独立模型,真实WebGL近/远可辨；细体素与PBR、光照和轮廓验收；资源按所有权释放；代码存在不等于美术合格
LIFE-043,冰箱/冷藏柜外壳,厨房卫浴,基础组件,居住/家务/美食/水电卫生,缺失待制,目标：提示词.md；对应系统存在不表示实体资产存在,程序精细体素+材质，复杂视觉件可选Tripo,米单位/+Y向上；物理占用与安装接口0.2m网格；共享FloorPlan/真实支撑；保留门洞、楼梯孔、.35m身体/1.72m眼高和功能点净空；水电接头/柜门/可用点要实际接入；当前未核出生产中完整厨房卫浴mesh,LIFE-043,尺寸/配色按同母版参数派生，不重复计算独立模型,真实WebGL近/远可辨；细体素与PBR、光照和轮廓验收；资源按所有权释放；代码存在不等于美术合格
LIFE-044,炊具锅体,厨房卫浴,基础组件,居住/家务/美食/水电卫生,缺失待制,目标：提示词.md；对应系统存在不表示实体资产存在,程序精细体素+材质，复杂视觉件可选Tripo,米单位/+Y向上；物理占用与安装接口0.2m网格；共享FloorPlan/真实支撑；保留门洞、楼梯孔、.35m身体/1.72m眼高和功能点净空；水电接头/柜门/可用点要实际接入；当前未核出生产中完整厨房卫浴mesh,LIFE-044,尺寸/配色按同母版参数派生，不重复计算独立模型,真实WebGL近/远可辨；细体素与PBR、光照和轮廓验收；资源按所有权释放；代码存在不等于美术合格
LIFE-045,锅盖,厨房卫浴,基础组件,居住/家务/美食/水电卫生,缺失待制,目标：提示词.md；对应系统存在不表示实体资产存在,程序精细体素+材质，复杂视觉件可选Tripo,米单位/+Y向上；物理占用与安装接口0.2m网格；共享FloorPlan/真实支撑；保留门洞、楼梯孔、.35m身体/1.72m眼高和功能点净空；水电接头/柜门/可用点要实际接入；当前未核出生产中完整厨房卫浴mesh,LIFE-045,尺寸/配色按同母版参数派生，不重复计算独立模型,真实WebGL近/远可辨；细体素与PBR、光照和轮廓验收；资源按所有权释放；代码存在不等于美术合格
LIFE-046,碗盘通用容器,厨房卫浴,基础组件,居住/家务/美食/水电卫生,缺失待制,目标：提示词.md；对应系统存在不表示实体资产存在,程序精细体素+材质，复杂视觉件可选Tripo,米单位/+Y向上；物理占用与安装接口0.2m网格；共享FloorPlan/真实支撑；保留门洞、楼梯孔、.35m身体/1.72m眼高和功能点净空；水电接头/柜门/可用点要实际接入；当前未核出生产中完整厨房卫浴mesh,LIFE-046,尺寸/配色按同母版参数派生，不重复计算独立模型,真实WebGL近/远可辨；细体素与PBR、光照和轮廓验收；资源按所有权释放；代码存在不等于美术合格
LIFE-047,杯壶器具,厨房卫浴,基础组件,居住/家务/美食/水电卫生,缺失待制,目标：提示词.md；对应系统存在不表示实体资产存在,程序精细体素+材质，复杂视觉件可选Tripo,米单位/+Y向上；物理占用与安装接口0.2m网格；共享FloorPlan/真实支撑；保留门洞、楼梯孔、.35m身体/1.72m眼高和功能点净空；水电接头/柜门/可用点要实际接入；当前未核出生产中完整厨房卫浴mesh,LIFE-047,尺寸/配色按同母版参数派生，不重复计算独立模型,真实WebGL近/远可辨；细体素与PBR、光照和轮廓验收；资源按所有权释放；代码存在不等于美术合格
LIFE-048,砧板与切配工具,厨房卫浴,基础组件,居住/家务/美食/水电卫生,缺失待制,目标：提示词.md；对应系统存在不表示实体资产存在,程序精细体素+材质，复杂视觉件可选Tripo,米单位/+Y向上；物理占用与安装接口0.2m网格；共享FloorPlan/真实支撑；保留门洞、楼梯孔、.35m身体/1.72m眼高和功能点净空；水电接头/柜门/可用点要实际接入；当前未核出生产中完整厨房卫浴mesh,LIFE-048,尺寸/配色按同母版参数派生，不重复计算独立模型,真实WebGL近/远可辨；细体素与PBR、光照和轮廓验收；资源按所有权释放；代码存在不等于美术合格
LIFE-049,茶具壶及杯组合,厨房卫浴,基础组件,居住/家务/美食/水电卫生,缺失待制,目标：提示词.md；对应系统存在不表示实体资产存在,程序精细体素+材质，复杂视觉件可选Tripo,米单位/+Y向上；物理占用与安装接口0.2m网格；共享FloorPlan/真实支撑；保留门洞、楼梯孔、.35m身体/1.72m眼高和功能点净空；水电接头/柜门/可用点要实际接入；当前未核出生产中完整厨房卫浴mesh,LIFE-049,尺寸/配色按同母版参数派生，不重复计算独立模型,真实WebGL近/远可辨；细体素与PBR、光照和轮廓验收；资源按所有权释放；代码存在不等于美术合格
LIFE-050,洗面台柜体,厨房卫浴,基础组件,居住/家务/美食/水电卫生,缺失待制,目标：提示词.md；对应系统存在不表示实体资产存在,程序精细体素+材质，复杂视觉件可选Tripo,米单位/+Y向上；物理占用与安装接口0.2m网格；共享FloorPlan/真实支撑；保留门洞、楼梯孔、.35m身体/1.72m眼高和功能点净空；水电接头/柜门/可用点要实际接入；当前未核出生产中完整厨房卫浴mesh,LIFE-050,尺寸/配色按同母版参数派生，不重复计算独立模型,真实WebGL近/远可辨；细体素与PBR、光照和轮廓验收；资源按所有权释放；代码存在不等于美术合格
LIFE-051,洗面盆及龙头,厨房卫浴,基础组件,居住/家务/美食/水电卫生,缺失待制,目标：提示词.md；对应系统存在不表示实体资产存在,程序精细体素+材质，复杂视觉件可选Tripo,米单位/+Y向上；物理占用与安装接口0.2m网格；共享FloorPlan/真实支撑；保留门洞、楼梯孔、.35m身体/1.72m眼高和功能点净空；水电接头/柜门/可用点要实际接入；当前未核出生产中完整厨房卫浴mesh,LIFE-051,尺寸/配色按同母版参数派生，不重复计算独立模型,真实WebGL近/远可辨；细体素与PBR、光照和轮廓验收；资源按所有权释放；代码存在不等于美术合格
LIFE-052,卫生间坐便器,厨房卫浴,基础组件,居住/家务/美食/水电卫生,缺失待制,目标：提示词.md；对应系统存在不表示实体资产存在,程序精细体素+材质，复杂视觉件可选Tripo,米单位/+Y向上；物理占用与安装接口0.2m网格；共享FloorPlan/真实支撑；保留门洞、楼梯孔、.35m身体/1.72m眼高和功能点净空；水电接头/柜门/可用点要实际接入；当前未核出生产中完整厨房卫浴mesh,LIFE-052,尺寸/配色按同母版参数派生，不重复计算独立模型,真实WebGL近/远可辨；细体素与PBR、光照和轮廓验收；资源按所有权释放；代码存在不等于美术合格
LIFE-053,淋浴/浴缸盆体,厨房卫浴,基础组件,居住/家务/美食/水电卫生,缺失待制,目标：提示词.md；对应系统存在不表示实体资产存在,程序精细体素+材质，复杂视觉件可选Tripo,米单位/+Y向上；物理占用与安装接口0.2m网格；共享FloorPlan/真实支撑；保留门洞、楼梯孔、.35m身体/1.72m眼高和功能点净空；水电接头/柜门/可用点要实际接入；当前未核出生产中完整厨房卫浴mesh,LIFE-053,尺寸/配色按同母版参数派生，不重复计算独立模型,真实WebGL近/远可辨；细体素与PBR、光照和轮廓验收；资源按所有权释放；代码存在不等于美术合格
LIFE-054,淋浴隔屏,厨房卫浴,基础组件,居住/家务/美食/水电卫生,缺失待制,目标：提示词.md；对应系统存在不表示实体资产存在,程序精细体素+材质，复杂视觉件可选Tripo,米单位/+Y向上；物理占用与安装接口0.2m网格；共享FloorPlan/真实支撑；保留门洞、楼梯孔、.35m身体/1.72m眼高和功能点净空；水电接头/柜门/可用点要实际接入；当前未核出生产中完整厨房卫浴mesh,LIFE-054,尺寸/配色按同母版参数派生，不重复计算独立模型,真实WebGL近/远可辨；细体素与PBR、光照和轮廓验收；资源按所有权释放；代码存在不等于美术合格
LIFE-055,卫生间壁镜,厨房卫浴,基础组件,居住/家务/美食/水电卫生,缺失待制,目标：提示词.md；对应系统存在不表示实体资产存在,程序精细体素+材质，复杂视觉件可选Tripo,米单位/+Y向上；物理占用与安装接口0.2m网格；共享FloorPlan/真实支撑；保留门洞、楼梯孔、.35m身体/1.72m眼高和功能点净空；水电接头/柜门/可用点要实际接入；当前未核出生产中完整厨房卫浴mesh,LIFE-055,尺寸/配色按同母版参数派生，不重复计算独立模型,真实WebGL近/远可辨；细体素与PBR、光照和轮廓验收；资源按所有权释放；代码存在不等于美术合格
LIFE-056,给排水接头与阀门,厨房卫浴,基础组件,居住/家务/美食/水电卫生,缺失待制,目标：提示词.md；对应系统存在不表示实体资产存在,程序精细体素+材质，复杂视觉件可选Tripo,米单位/+Y向上；物理占用与安装接口0.2m网格；共享FloorPlan/真实支撑；保留门洞、楼梯孔、.35m身体/1.72m眼高和功能点净空；水电接头/柜门/可用点要实际接入；当前未核出生产中完整厨房卫浴mesh,LIFE-056,尺寸/配色按同母版参数派生，不重复计算独立模型,真实WebGL近/远可辨；细体素与PBR、光照和轮廓验收；资源按所有权释放；代码存在不等于美术合格
LIFE-057,毛巾挂架,厨房卫浴,基础组件,居住/家务/美食/水电卫生,缺失待制,目标：提示词.md；对应系统存在不表示实体资产存在,程序精细体素+材质，复杂视觉件可选Tripo,米单位/+Y向上；物理占用与安装接口0.2m网格；共享FloorPlan/真实支撑；保留门洞、楼梯孔、.35m身体/1.72m眼高和功能点净空；水电接头/柜门/可用点要实际接入；当前未核出生产中完整厨房卫浴mesh,LIFE-057,尺寸/配色按同母版参数派生，不重复计算独立模型,真实WebGL近/远可辨；细体素与PBR、光照和轮廓验收；资源按所有权释放；代码存在不等于美术合格
LIFE-058,住宅卧室配置,房间配置,组合模板,房间配置,缺失待制,目标：提示词.md；对应系统存在不表示实体资产存在,共享房间布局+组件组合,米单位/+Y向上；物理占用与安装接口0.2m网格；共享FloorPlan/真实支撑；保留门洞、楼梯孔、.35m身体/1.72m眼高和功能点净空；依赖：住宅床架/床垫/寝具/收纳/床侧使用点,LIFE-058,由真实房间和日常系统约束组合，不把每次摆放算整栋母版,真实WebGL近/远可辨；细体素与PBR、光照和轮廓验收；资源按所有权释放；代码存在不等于美术合格
LIFE-059,住宅起居室配置,房间配置,组合模板,房间配置,缺失待制,目标：提示词.md；对应系统存在不表示实体资产存在,共享房间布局+组件组合,米单位/+Y向上；物理占用与安装接口0.2m网格；共享FloorPlan/真实支撑；保留门洞、楼梯孔、.35m身体/1.72m眼高和功能点净空；依赖：沙发/茶几/灯/显示器按可选功能配置,LIFE-059,由真实房间和日常系统约束组合，不把每次摆放算整栋母版,真实WebGL近/远可辨；细体素与PBR、光照和轮廓验收；资源按所有权释放；代码存在不等于美术合格
LIFE-060,住宅办公角配置,房间配置,组合模板,房间配置,缺失待制,目标：提示词.md；对应系统存在不表示实体资产存在,共享房间布局+组件组合,米单位/+Y向上；物理占用与安装接口0.2m网格；共享FloorPlan/真实支撑；保留门洞、楼梯孔、.35m身体/1.72m眼高和功能点净空；依赖：办公桌/椅/显示器/插座/学习实际分钟,LIFE-060,由真实房间和日常系统约束组合，不把每次摆放算整栋母版,真实WebGL近/远可辨；细体素与PBR、光照和轮廓验收；资源按所有权释放；代码存在不等于美术合格
LIFE-061,住宅餐厨配置,房间配置,组合模板,房间配置,缺失待制,目标：提示词.md；对应系统存在不表示实体资产存在,共享房间布局+组件组合,米单位/+Y向上；物理占用与安装接口0.2m网格；共享FloorPlan/真实支撑；保留门洞、楼梯孔、.35m身体/1.72m眼高和功能点净空；依赖：厨房操作台/灶/水槽/餐桌椅/粮食库存,LIFE-061,由真实房间和日常系统约束组合，不把每次摆放算整栋母版,真实WebGL近/远可辨；细体素与PBR、光照和轮廓验收；资源按所有权释放；代码存在不等于美术合格
LIFE-062,住宅卫生间配置,房间配置,组合模板,房间配置,缺失待制,目标：提示词.md；对应系统存在不表示实体资产存在,共享房间布局+组件组合,米单位/+Y向上；物理占用与安装接口0.2m网格；共享FloorPlan/真实支撑；保留门洞、楼梯孔、.35m身体/1.72m眼高和功能点净空；依赖：洗面/厕/淋浴/排水/隐私门,LIFE-062,由真实房间和日常系统约束组合，不把每次摆放算整栋母版,真实WebGL近/远可辨；细体素与PBR、光照和轮廓验收；资源按所有权释放；代码存在不等于美术合格
LIFE-063,家庭共享储物配置,房间配置,组合模板,房间配置,缺失待制,目标：提示词.md；对应系统存在不表示实体资产存在,共享房间布局+组件组合,米单位/+Y向上；物理占用与安装接口0.2m网格；共享FloorPlan/真实支撑；保留门洞、楼梯孔、.35m身体/1.72m眼高和功能点净空；依赖：储物柜/权威家庭库存/物品所有权,LIFE-063,由真实房间和日常系统约束组合，不把每次摆放算整栋母版,真实WebGL近/远可辨；细体素与PBR、光照和轮廓验收；资源按所有权释放；代码存在不等于美术合格
LIFE-064,商铺公共售货柜台,商业物流,基础组件,商业物流,已集成代码生成,src/site-fixtures.ts:17–44；src/architecture-floor-plan.ts:94–113；src/rendering/architecture-bodies.ts:99–111,程序体素/真实fixture,米单位/+Y向上；物理占用与安装接口0.2m网格；共享FloorPlan/真实支撑；保留门洞、楼梯孔、.35m身体/1.72m眼高和功能点净空；实际柜台3.2×1×1.2m；绑定已有shop/site，不新增库存现金,LIFE-064,尺寸/配色按同母版参数派生，不重复计算独立模型,真实WebGL近/远可辨；细体素与PBR、光照和轮廓验收；资源按所有权释放；代码存在不等于美术合格
LIFE-065,实际库存食品陈列通用单元,商业物流,基础组件,商业物流,已集成代码生成,src/rendering/market-goods.ts:13–45；src/site-fixtures.ts:67–69,单InstancedMesh程序体素,绑定真实shop.open/inventory与近区驻留；0.4×0.2×0.4m；最多8样品，数量/隐藏不改变库存,LIFE-065,尺寸/配色按同母版参数派生，不重复计算独立模型,关店/缺货/卸载撤除；与实际购买扣库存一致；当前方块样品外观待升级
LIFE-066,商铺货架框架,商业物流,基础组件,商业物流,缺失待制,目标：提示词.md；对应系统存在不表示实体资产存在,程序精细体素+材质，复杂视觉件可选Tripo,米单位/+Y向上；物理占用与安装接口0.2m网格；共享FloorPlan/真实支撑；保留门洞、楼梯孔、.35m身体/1.72m眼高和功能点净空；货物可视件读取真实货主/FIFO lot/数量；装卸接真实车辆节点与工时，无资产自发产生资源,LIFE-066,尺寸/配色按同母版参数派生，不重复计算独立模型,真实WebGL近/远可辨；细体素与PBR、光照和轮廓验收；资源按所有权释放；代码存在不等于美术合格
LIFE-067,商铺抽屉与储物格,商业物流,基础组件,商业物流,缺失待制,目标：提示词.md；对应系统存在不表示实体资产存在,程序精细体素+材质，复杂视觉件可选Tripo,米单位/+Y向上；物理占用与安装接口0.2m网格；共享FloorPlan/真实支撑；保留门洞、楼梯孔、.35m身体/1.72m眼高和功能点净空；货物可视件读取真实货主/FIFO lot/数量；装卸接真实车辆节点与工时，无资产自发产生资源,LIFE-067,尺寸/配色按同母版参数派生，不重复计算独立模型,真实WebGL近/远可辨；细体素与PBR、光照和轮廓验收；资源按所有权释放；代码存在不等于美术合格
LIFE-068,货架价格签槽,商业物流,基础组件,商业物流,缺失待制,目标：提示词.md；对应系统存在不表示实体资产存在,程序精细体素+材质，复杂视觉件可选Tripo,米单位/+Y向上；物理占用与安装接口0.2m网格；共享FloorPlan/真实支撑；保留门洞、楼梯孔、.35m身体/1.72m眼高和功能点净空；货物可视件读取真实货主/FIFO lot/数量；装卸接真实车辆节点与工时，无资产自发产生资源,LIFE-068,尺寸/配色按同母版参数派生，不重复计算独立模型,真实WebGL近/远可辨；细体素与PBR、光照和轮廓验收；资源按所有权释放；代码存在不等于美术合格
LIFE-069,空展示盘与篮筐,商业物流,基础组件,商业物流,缺失待制,目标：提示词.md；对应系统存在不表示实体资产存在,程序精细体素+材质，复杂视觉件可选Tripo,米单位/+Y向上；物理占用与安装接口0.2m网格；共享FloorPlan/真实支撑；保留门洞、楼梯孔、.35m身体/1.72m眼高和功能点净空；货物可视件读取真实货主/FIFO lot/数量；装卸接真实车辆节点与工时，无资产自发产生资源,LIFE-069,尺寸/配色按同母版参数派生，不重复计算独立模型,真实WebGL近/远可辨；细体素与PBR、光照和轮廓验收；资源按所有权释放；代码存在不等于美术合格
LIFE-070,布幔及棚面,商业物流,基础组件,商业物流,缺失待制,目标：提示词.md；对应系统存在不表示实体资产存在,程序精细体素+材质，复杂视觉件可选Tripo,米单位/+Y向上；物理占用与安装接口0.2m网格；共享FloorPlan/真实支撑；保留门洞、楼梯孔、.35m身体/1.72m眼高和功能点净空；货物可视件读取真实货主/FIFO lot/数量；装卸接真实车辆节点与工时，无资产自发产生资源,LIFE-070,尺寸/配色按同母版参数派生，不重复计算独立模型,真实WebGL近/远可辨；细体素与PBR、光照和轮廓验收；资源按所有权释放；代码存在不等于美术合格
LIFE-071,杂货包装箱,商业物流,基础组件,商业物流,缺失待制,目标：提示词.md；对应系统存在不表示实体资产存在,程序精细体素+材质，复杂视觉件可选Tripo,米单位/+Y向上；物理占用与安装接口0.2m网格；共享FloorPlan/真实支撑；保留门洞、楼梯孔、.35m身体/1.72m眼高和功能点净空；货物可视件读取真实货主/FIFO lot/数量；装卸接真实车辆节点与工时，无资产自发产生资源,LIFE-071,尺寸/配色按同母版参数派生，不重复计算独立模型,真实WebGL近/远可辨；细体素与PBR、光照和轮廓验收；资源按所有权释放；代码存在不等于美术合格
LIFE-072,仓储货箱,商业物流,基础组件,商业物流,缺失待制,目标：提示词.md；对应系统存在不表示实体资产存在,程序精细体素+材质，复杂视觉件可选Tripo,米单位/+Y向上；物理占用与安装接口0.2m网格；共享FloorPlan/真实支撑；保留门洞、楼梯孔、.35m身体/1.72m眼高和功能点净空；货物可视件读取真实货主/FIFO lot/数量；装卸接真实车辆节点与工时，无资产自发产生资源,LIFE-072,尺寸/配色按同母版参数派生，不重复计算独立模型,真实WebGL近/远可辨；细体素与PBR、光照和轮廓验收；资源按所有权释放；代码存在不等于美术合格
LIFE-073,货箱封条与编码板,商业物流,基础组件,商业物流,缺失待制,目标：提示词.md；对应系统存在不表示实体资产存在,程序精细体素+材质，复杂视觉件可选Tripo,米单位/+Y向上；物理占用与安装接口0.2m网格；共享FloorPlan/真实支撑；保留门洞、楼梯孔、.35m身体/1.72m眼高和功能点净空；货物可视件读取真实货主/FIFO lot/数量；装卸接真实车辆节点与工时，无资产自发产生资源,LIFE-073,尺寸/配色按同母版参数派生，不重复计算独立模型,真实WebGL近/远可辨；细体素与PBR、光照和轮廓验收；资源按所有权释放；代码存在不等于美术合格
LIFE-074,可回收袋筐,商业物流,基础组件,商业物流,缺失待制,目标：提示词.md；对应系统存在不表示实体资产存在,程序精细体素+材质，复杂视觉件可选Tripo,米单位/+Y向上；物理占用与安装接口0.2m网格；共享FloorPlan/真实支撑；保留门洞、楼梯孔、.35m身体/1.72m眼高和功能点净空；货物可视件读取真实货主/FIFO lot/数量；装卸接真实车辆节点与工时，无资产自发产生资源,LIFE-074,尺寸/配色按同母版参数派生，不重复计算独立模型,真实WebGL近/远可辨；细体素与PBR、光照和轮廓验收；资源按所有权释放；代码存在不等于美术合格
LIFE-075,货运托盘,商业物流,基础组件,商业物流,缺失待制,目标：提示词.md；对应系统存在不表示实体资产存在,程序精细体素+材质，复杂视觉件可选Tripo,米单位/+Y向上；物理占用与安装接口0.2m网格；共享FloorPlan/真实支撑；保留门洞、楼梯孔、.35m身体/1.72m眼高和功能点净空；货物可视件读取真实货主/FIFO lot/数量；装卸接真实车辆节点与工时，无资产自发产生资源,LIFE-075,尺寸/配色按同母版参数派生，不重复计算独立模型,真实WebGL近/远可辨；细体素与PBR、光照和轮廓验收；资源按所有权释放；代码存在不等于美术合格
LIFE-076,托盘货物固定带,商业物流,基础组件,商业物流,缺失待制,目标：提示词.md；对应系统存在不表示实体资产存在,程序精细体素+材质，复杂视觉件可选Tripo,米单位/+Y向上；物理占用与安装接口0.2m网格；共享FloorPlan/真实支撑；保留门洞、楼梯孔、.35m身体/1.72m眼高和功能点净空；货物可视件读取真实货主/FIFO lot/数量；装卸接真实车辆节点与工时，无资产自发产生资源,LIFE-076,尺寸/配色按同母版参数派生，不重复计算独立模型,真实WebGL近/远可辨；细体素与PBR、光照和轮廓验收；资源按所有权释放；代码存在不等于美术合格
LIFE-077,仓储货架梁柱,商业物流,基础组件,商业物流,缺失待制,目标：提示词.md；对应系统存在不表示实体资产存在,程序精细体素+材质，复杂视觉件可选Tripo,米单位/+Y向上；物理占用与安装接口0.2m网格；共享FloorPlan/真实支撑；保留门洞、楼梯孔、.35m身体/1.72m眼高和功能点净空；货物可视件读取真实货主/FIFO lot/数量；装卸接真实车辆节点与工时，无资产自发产生资源,LIFE-077,尺寸/配色按同母版参数派生，不重复计算独立模型,真实WebGL近/远可辨；细体素与PBR、光照和轮廓验收；资源按所有权释放；代码存在不等于美术合格
LIFE-078,输送带传输单元,商业物流,基础组件,商业物流,缺失待制,目标：提示词.md；对应系统存在不表示实体资产存在,程序精细体素+材质，复杂视觉件可选Tripo,米单位/+Y向上；物理占用与安装接口0.2m网格；共享FloorPlan/真实支撑；保留门洞、楼梯孔、.35m身体/1.72m眼高和功能点净空；货物可视件读取真实货主/FIFO lot/数量；装卸接真实车辆节点与工时，无资产自发产生资源,LIFE-078,尺寸/配色按同母版参数派生，不重复计算独立模型,真实WebGL近/远可辨；细体素与PBR、光照和轮廓验收；资源按所有权释放；代码存在不等于美术合格
LIFE-079,装卸平台/升降托板,商业物流,基础组件,商业物流,缺失待制,目标：提示词.md；对应系统存在不表示实体资产存在,程序精细体素+材质，复杂视觉件可选Tripo,米单位/+Y向上；物理占用与安装接口0.2m网格；共享FloorPlan/真实支撑；保留门洞、楼梯孔、.35m身体/1.72m眼高和功能点净空；货物可视件读取真实货主/FIFO lot/数量；装卸接真实车辆节点与工时，无资产自发产生资源,LIFE-079,尺寸/配色按同母版参数派生，不重复计算独立模型,真实WebGL近/远可辨；细体素与PBR、光照和轮廓验收；资源按所有权释放；代码存在不等于美术合格
LIFE-080,称量设备与磅秤,商业物流,基础组件,商业物流,缺失待制,目标：提示词.md；对应系统存在不表示实体资产存在,程序精细体素+材质，复杂视觉件可选Tripo,米单位/+Y向上；物理占用与安装接口0.2m网格；共享FloorPlan/真实支撑；保留门洞、楼梯孔、.35m身体/1.72m眼高和功能点净空；货物可视件读取真实货主/FIFO lot/数量；装卸接真实车辆节点与工时，无资产自发产生资源,LIFE-080,尺寸/配色按同母版参数派生，不重复计算独立模型,真实WebGL近/远可辨；细体素与PBR、光照和轮廓验收；资源按所有权释放；代码存在不等于美术合格
LIFE-081,制造工作台,商业物流,基础组件,商业物流,缺失待制,目标：提示词.md；对应系统存在不表示实体资产存在,程序精细体素+材质，复杂视觉件可选Tripo,米单位/+Y向上；物理占用与安装接口0.2m网格；共享FloorPlan/真实支撑；保留门洞、楼梯孔、.35m身体/1.72m眼高和功能点净空；货物可视件读取真实货主/FIFO lot/数量；装卸接真实车辆节点与工时，无资产自发产生资源,LIFE-081,尺寸/配色按同母版参数派生，不重复计算独立模型,真实WebGL近/远可辨；细体素与PBR、光照和轮廓验收；资源按所有权释放；代码存在不等于美术合格
LIFE-082,加工机床外壳,商业物流,基础组件,商业物流,缺失待制,目标：提示词.md；对应系统存在不表示实体资产存在,程序精细体素+材质，复杂视觉件可选Tripo,米单位/+Y向上；物理占用与安装接口0.2m网格；共享FloorPlan/真实支撑；保留门洞、楼梯孔、.35m身体/1.72m眼高和功能点净空；货物可视件读取真实货主/FIFO lot/数量；装卸接真实车辆节点与工时，无资产自发产生资源,LIFE-082,尺寸/配色按同母版参数派生，不重复计算独立模型,真实WebGL近/远可辨；细体素与PBR、光照和轮廓验收；资源按所有权释放；代码存在不等于美术合格
LIFE-083,工坊工具架,商业物流,基础组件,商业物流,缺失待制,目标：提示词.md；对应系统存在不表示实体资产存在,程序精细体素+材质，复杂视觉件可选Tripo,米单位/+Y向上；物理占用与安装接口0.2m网格；共享FloorPlan/真实支撑；保留门洞、楼梯孔、.35m身体/1.72m眼高和功能点净空；货物可视件读取真实货主/FIFO lot/数量；装卸接真实车辆节点与工时，无资产自发产生资源,LIFE-083,尺寸/配色按同母版参数派生，不重复计算独立模型,真实WebGL近/远可辨；细体素与PBR、光照和轮廓验收；资源按所有权释放；代码存在不等于美术合格
LIFE-084,采矿切割设备,商业物流,基础组件,商业物流,缺失待制,目标：提示词.md；对应系统存在不表示实体资产存在,程序精细体素+材质，复杂视觉件可选Tripo,米单位/+Y向上；物理占用与安装接口0.2m网格；共享FloorPlan/真实支撑；保留门洞、楼梯孔、.35m身体/1.72m眼高和功能点净空；货物可视件读取真实货主/FIFO lot/数量；装卸接真实车辆节点与工时，无资产自发产生资源,LIFE-084,尺寸/配色按同母版参数派生，不重复计算独立模型,真实WebGL近/远可辨；细体素与PBR、光照和轮廓验收；资源按所有权释放；代码存在不等于美术合格
LIFE-085,矿石样品/矿料块,商业物流,基础组件,商业物流,缺失待制,目标：提示词.md；对应系统存在不表示实体资产存在,程序精细体素+材质，复杂视觉件可选Tripo,米单位/+Y向上；物理占用与安装接口0.2m网格；共享FloorPlan/真实支撑；保留门洞、楼梯孔、.35m身体/1.72m眼高和功能点净空；货物可视件读取真实货主/FIFO lot/数量；装卸接真实车辆节点与工时，无资产自发产生资源,LIFE-085,尺寸/配色按同母版参数派生，不重复计算独立模型,真实WebGL近/远可辨；细体素与PBR、光照和轮廓验收；资源按所有权释放；代码存在不等于美术合格
LIFE-086,农作物采收容器,商业物流,基础组件,商业物流,缺失待制,目标：提示词.md；对应系统存在不表示实体资产存在,程序精细体素+材质，复杂视觉件可选Tripo,米单位/+Y向上；物理占用与安装接口0.2m网格；共享FloorPlan/真实支撑；保留门洞、楼梯孔、.35m身体/1.72m眼高和功能点净空；货物可视件读取真实货主/FIFO lot/数量；装卸接真实车辆节点与工时，无资产自发产生资源,LIFE-086,尺寸/配色按同母版参数派生，不重复计算独立模型,真实WebGL近/远可辨；细体素与PBR、光照和轮廓验收；资源按所有权释放；代码存在不等于美术合格
LIFE-087,捕鱼网具及捕捞箱,商业物流,基础组件,商业物流,缺失待制,目标：提示词.md；对应系统存在不表示实体资产存在,程序精细体素+材质，复杂视觉件可选Tripo,米单位/+Y向上；物理占用与安装接口0.2m网格；共享FloorPlan/真实支撑；保留门洞、楼梯孔、.35m身体/1.72m眼高和功能点净空；货物可视件读取真实货主/FIFO lot/数量；装卸接真实车辆节点与工时，无资产自发产生资源,LIFE-087,尺寸/配色按同母版参数派生，不重复计算独立模型,真实WebGL近/远可辨；细体素与PBR、光照和轮廓验收；资源按所有权释放；代码存在不等于美术合格
LIFE-088,冷链货箱,商业物流,基础组件,商业物流,缺失待制,目标：提示词.md；对应系统存在不表示实体资产存在,程序精细体素+材质，复杂视觉件可选Tripo,米单位/+Y向上；物理占用与安装接口0.2m网格；共享FloorPlan/真实支撑；保留门洞、楼梯孔、.35m身体/1.72m眼高和功能点净空；货物可视件读取真实货主/FIFO lot/数量；装卸接真实车辆节点与工时，无资产自发产生资源,LIFE-088,尺寸/配色按同母版参数派生，不重复计算独立模型,真实WebGL近/远可辨；细体素与PBR、光照和轮廓验收；资源按所有权释放；代码存在不等于美术合格
LIFE-089,公司金融终端,商业物流,基础组件,商业物流,缺失待制,目标：提示词.md；对应系统存在不表示实体资产存在,程序精细体素+材质，复杂视觉件可选Tripo,米单位/+Y向上；物理占用与安装接口0.2m网格；共享FloorPlan/真实支撑；保留门洞、楼梯孔、.35m身体/1.72m眼高和功能点净空；货物可视件读取真实货主/FIFO lot/数量；装卸接真实车辆节点与工时，无资产自发产生资源,LIFE-089,尺寸/配色按同母版参数派生，不重复计算独立模型,真实WebGL近/远可辨；细体素与PBR、光照和轮廓验收；资源按所有权释放；代码存在不等于美术合格
LIFE-090,银行办理柜台屏,商业物流,基础组件,商业物流,缺失待制,目标：提示词.md；对应系统存在不表示实体资产存在,程序精细体素+材质，复杂视觉件可选Tripo,米单位/+Y向上；物理占用与安装接口0.2m网格；共享FloorPlan/真实支撑；保留门洞、楼梯孔、.35m身体/1.72m眼高和功能点净空；货物可视件读取真实货主/FIFO lot/数量；装卸接真实车辆节点与工时，无资产自发产生资源,LIFE-090,尺寸/配色按同母版参数派生，不重复计算独立模型,真实WebGL近/远可辨；细体素与PBR、光照和轮廓验收；资源按所有权释放；代码存在不等于美术合格
LIFE-091,货物取交签收终端,商业物流,基础组件,商业物流,缺失待制,目标：提示词.md；对应系统存在不表示实体资产存在,程序精细体素+材质，复杂视觉件可选Tripo,米单位/+Y向上；物理占用与安装接口0.2m网格；共享FloorPlan/真实支撑；保留门洞、楼梯孔、.35m身体/1.72m眼高和功能点净空；货物可视件读取真实货主/FIFO lot/数量；装卸接真实车辆节点与工时，无资产自发产生资源,LIFE-091,尺寸/配色按同母版参数派生，不重复计算独立模型,真实WebGL近/远可辨；细体素与PBR、光照和轮廓验收；资源按所有权释放；代码存在不等于美术合格
LIFE-092,谷物原料视觉母版,食物物料,基础组件,食物物料,缺失待制,src/simulation/extensions.ts:9–12；src/simulation/trade.ts；src/simulation/clinical.ts；当前库存数据不是对应详模,程序精细体素+材质，复杂视觉件可选Tripo,容器/货架/背包视觉引用真实commodity/owner/FIFO；不生成额外库存，不能同食物和工业料混账,LIFE-092,尺寸/配色按同母版参数派生，不重复计算独立模型,真实WebGL近/远可辨；细体素与PBR、光照和轮廓验收；资源按所有权释放；代码存在不等于美术合格
LIFE-093,蔬菜原料视觉母版,食物物料,基础组件,食物物料,缺失待制,src/simulation/extensions.ts:9–12；src/simulation/trade.ts；src/simulation/clinical.ts；当前库存数据不是对应详模,程序精细体素+材质，复杂视觉件可选Tripo,容器/货架/背包视觉引用真实commodity/owner/FIFO；不生成额外库存，不能同食物和工业料混账,LIFE-093,尺寸/配色按同母版参数派生，不重复计算独立模型,真实WebGL近/远可辨；细体素与PBR、光照和轮廓验收；资源按所有权释放；代码存在不等于美术合格
LIFE-094,鱼类食材视觉母版,食物物料,基础组件,食物物料,缺失待制,src/simulation/extensions.ts:9–12；src/simulation/trade.ts；src/simulation/clinical.ts；当前库存数据不是对应详模,程序精细体素+材质，复杂视觉件可选Tripo,容器/货架/背包视觉引用真实commodity/owner/FIFO；不生成额外库存，不能同食物和工业料混账,LIFE-094,尺寸/配色按同母版参数派生，不重复计算独立模型,真实WebGL近/远可辨；细体素与PBR、光照和轮廓验收；资源按所有权释放；代码存在不等于美术合格
LIFE-095,工业服务材料包装,食物物料,基础组件,食物物料,缺失待制,src/simulation/extensions.ts:9–12；src/simulation/trade.ts；src/simulation/clinical.ts；当前库存数据不是对应详模,程序精细体素+材质，复杂视觉件可选Tripo,容器/货架/背包视觉引用真实commodity/owner/FIFO；不生成额外库存，不能同食物和工业料混账,LIFE-095,尺寸/配色按同母版参数派生，不重复计算独立模型,真实WebGL近/远可辨；细体素与PBR、光照和轮廓验收；资源按所有权释放；代码存在不等于美术合格
LIFE-096,药材及药品包装,食物物料,基础组件,食物物料,缺失待制,src/simulation/extensions.ts:9–12；src/simulation/trade.ts；src/simulation/clinical.ts；当前库存数据不是对应详模,程序精细体素+材质，复杂视觉件可选Tripo,容器/货架/背包视觉引用真实commodity/owner/FIFO；不生成额外库存，不能同食物和工业料混账,LIFE-096,尺寸/配色按同母版参数派生，不重复计算独立模型,真实WebGL近/远可辨；细体素与PBR、光照和轮廓验收；资源按所有权释放；代码存在不等于美术合格
LIFE-097,山居菜饭菜品陈列,美食,组合模板,美食,缺失待制,"src/simulation/extensions.ts:9–12,173,386–398：配方/耗料/完工/食用已有，独立菜品mesh待制",共用碗盘+可替换菜品视觉组合,读取真实dish:rice与烹饪完成时间；未完工/已消费撤除,LIFE-097,质量/摆盘为配方视觉变体，不当新食物数量,真实WebGL近/远可辨；细体素与PBR、光照和轮廓验收；资源按所有权释放；代码存在不等于美术合格
LIFE-098,清溪鱼汤菜品陈列,美食,组合模板,美食,缺失待制,"src/simulation/extensions.ts:9–12,173,386–398：配方/耗料/完工/食用已有，独立菜品mesh待制",共用碗盘+可替换菜品视觉组合,读取真实dish:fishSoup与烹饪完成时间；未完工/已消费撤除,LIFE-098,质量/摆盘为配方视觉变体，不当新食物数量,真实WebGL近/远可辨；细体素与PBR、光照和轮廓验收；资源按所有权释放；代码存在不等于美术合格
LIFE-099,云山团圆宴菜品陈列,美食,组合模板,美食,缺失待制,"src/simulation/extensions.ts:9–12,173,386–398：配方/耗料/完工/食用已有，独立菜品mesh待制",共用碗盘+可替换菜品视觉组合,读取真实dish:festivalMeal与烹饪完成时间；未完工/已消费撤除,LIFE-099,质量/摆盘为配方视觉变体，不当新食物数量,真实WebGL近/远可辨；细体素与PBR、光照和轮廓验收；资源按所有权释放；代码存在不等于美术合格
LIFE-100,市场摊铺配置,商业空间配置,组合模板,商业空间配置,缺失待制,目标：提示词.md；所列经济系统有数据，不代表完整配置资产已完成,组合配置,米单位/+Y向上；物理占用与安装接口0.2m网格；共享FloorPlan/真实支撑；保留门洞、楼梯孔、.35m身体/1.72m眼高和功能点净空；依赖：售货柜台/货架/价格签/库存陈列,LIFE-100,尺寸/配色按同母版参数派生，不重复计算独立模型,真实WebGL近/远可辨；细体素与PBR、光照和轮廓验收；资源按所有权释放；代码存在不等于美术合格
LIFE-101,零售商店配置,商业空间配置,组合模板,商业空间配置,缺失待制,目标：提示词.md；所列经济系统有数据，不代表完整配置资产已完成,组合配置,米单位/+Y向上；物理占用与安装接口0.2m网格；共享FloorPlan/真实支撑；保留门洞、楼梯孔、.35m身体/1.72m眼高和功能点净空；依赖：货架/办理台/真实sale点/营业状态,LIFE-101,尺寸/配色按同母版参数派生，不重复计算独立模型,真实WebGL近/远可辨；细体素与PBR、光照和轮廓验收；资源按所有权释放；代码存在不等于美术合格
LIFE-102,餐馆厨房配置,商业空间配置,组合模板,商业空间配置,缺失待制,目标：提示词.md；所列经济系统有数据，不代表完整配置资产已完成,组合配置,米单位/+Y向上；物理占用与安装接口0.2m网格；共享FloorPlan/真实支撑；保留门洞、楼梯孔、.35m身体/1.72m眼高和功能点净空；依赖：厨房/餐桌椅/真实厨师和烹饪订单,LIFE-102,尺寸/配色按同母版参数派生，不重复计算独立模型,真实WebGL近/远可辨；细体素与PBR、光照和轮廓验收；资源按所有权释放；代码存在不等于美术合格
LIFE-103,工坊工位配置,商业空间配置,组合模板,商业空间配置,缺失待制,目标：提示词.md；所列经济系统有数据，不代表完整配置资产已完成,组合配置,米单位/+Y向上；物理占用与安装接口0.2m网格；共享FloorPlan/真实支撑；保留门洞、楼梯孔、.35m身体/1.72m眼高和功能点净空；依赖：工作台/机床/工具/真实work点和到岗,LIFE-103,尺寸/配色按同母版参数派生，不重复计算独立模型,真实WebGL近/远可辨；细体素与PBR、光照和轮廓验收；资源按所有权释放；代码存在不等于美术合格
LIFE-104,仓库货位配置,商业空间配置,组合模板,商业空间配置,缺失待制,目标：提示词.md；所列经济系统有数据，不代表完整配置资产已完成,组合配置,米单位/+Y向上；物理占用与安装接口0.2m网格；共享FloorPlan/真实支撑；保留门洞、楼梯孔、.35m身体/1.72m眼高和功能点净空；依赖：货箱/托盘/lot所有权/装卸路由,LIFE-104,尺寸/配色按同母版参数派生，不重复计算独立模型,真实WebGL近/远可辨；细体素与PBR、光照和轮廓验收；资源按所有权释放；代码存在不等于美术合格
LIFE-105,公共有限粮食柜台配置,商业空间配置,组合模板,商业空间配置,隔离原型未集成,docs/validation/2026-10-02-food-counters/public-counter-natural-and-archive-docscope-03/README.md：续班/历史上限FAIL，不能当稳态完成,组合配置,米单位/+Y向上；物理占用与安装接口0.2m网格；共享FloorPlan/真实支撑；保留门洞、楼梯孔、.35m身体/1.72m眼高和功能点净空；依赖：真实预算/实体库存/服务队列/工资凭证；隔离原型未集成v4,LIFE-105,尺寸/配色按同母版参数派生，不重复计算独立模型,真实WebGL近/远可辨；细体素与PBR、光照和轮廓验收；资源按所有权释放；代码存在不等于美术合格
LIFE-106,书册母版,教育科研医疗,基础组件,教育科研医疗,缺失待制,src/architecture-floor-plan.ts:94–113仅通用桌；src/simulation/culture.ts、clinical.ts与extensions.ts是系统证据，详模缺失,程序精细体素+材质，复杂视觉件可选Tripo,米单位/+Y向上；物理占用与安装接口0.2m网格；共享FloorPlan/真实支撑；保留门洞、楼梯孔、.35m身体/1.72m眼高和功能点净空；教师/科研/医生实际用途点与到岗分钟/材料/钱契约；不得堵病人和付款人位置,LIFE-106,尺寸/配色按同母版参数派生，不重复计算独立模型,真实WebGL近/远可辨；细体素与PBR、光照和轮廓验收；资源按所有权释放；代码存在不等于美术合格
LIFE-107,卷轴/画卷母版,教育科研医疗,基础组件,教育科研医疗,缺失待制,src/architecture-floor-plan.ts:94–113仅通用桌；src/simulation/culture.ts、clinical.ts与extensions.ts是系统证据，详模缺失,程序精细体素+材质，复杂视觉件可选Tripo,米单位/+Y向上；物理占用与安装接口0.2m网格；共享FloorPlan/真实支撑；保留门洞、楼梯孔、.35m身体/1.72m眼高和功能点净空；教师/科研/医生实际用途点与到岗分钟/材料/钱契约；不得堵病人和付款人位置,LIFE-107,尺寸/配色按同母版参数派生，不重复计算独立模型,真实WebGL近/远可辨；细体素与PBR、光照和轮廓验收；资源按所有权释放；代码存在不等于美术合格
LIFE-108,书架书柜,教育科研医疗,基础组件,教育科研医疗,缺失待制,src/architecture-floor-plan.ts:94–113仅通用桌；src/simulation/culture.ts、clinical.ts与extensions.ts是系统证据，详模缺失,程序精细体素+材质，复杂视觉件可选Tripo,米单位/+Y向上；物理占用与安装接口0.2m网格；共享FloorPlan/真实支撑；保留门洞、楼梯孔、.35m身体/1.72m眼高和功能点净空；教师/科研/医生实际用途点与到岗分钟/材料/钱契约；不得堵病人和付款人位置,LIFE-108,尺寸/配色按同母版参数派生，不重复计算独立模型,真实WebGL近/远可辨；细体素与PBR、光照和轮廓验收；资源按所有权释放；代码存在不等于美术合格
LIFE-109,讲台,教育科研医疗,基础组件,教育科研医疗,缺失待制,src/architecture-floor-plan.ts:94–113仅通用桌；src/simulation/culture.ts、clinical.ts与extensions.ts是系统证据，详模缺失,程序精细体素+材质，复杂视觉件可选Tripo,米单位/+Y向上；物理占用与安装接口0.2m网格；共享FloorPlan/真实支撑；保留门洞、楼梯孔、.35m身体/1.72m眼高和功能点净空；教师/科研/医生实际用途点与到岗分钟/材料/钱契约；不得堵病人和付款人位置,LIFE-109,尺寸/配色按同母版参数派生，不重复计算独立模型,真实WebGL近/远可辨；细体素与PBR、光照和轮廓验收；资源按所有权释放；代码存在不等于美术合格
LIFE-110,黑板/教学屏,教育科研医疗,基础组件,教育科研医疗,缺失待制,src/architecture-floor-plan.ts:94–113仅通用桌；src/simulation/culture.ts、clinical.ts与extensions.ts是系统证据，详模缺失,程序精细体素+材质，复杂视觉件可选Tripo,米单位/+Y向上；物理占用与安装接口0.2m网格；共享FloorPlan/真实支撑；保留门洞、楼梯孔、.35m身体/1.72m眼高和功能点净空；教师/科研/医生实际用途点与到岗分钟/材料/钱契约；不得堵病人和付款人位置,LIFE-110,尺寸/配色按同母版参数派生，不重复计算独立模型,真实WebGL近/远可辨；细体素与PBR、光照和轮廓验收；资源按所有权释放；代码存在不等于美术合格
LIFE-111,教室桌椅排布接口,教育科研医疗,基础组件,教育科研医疗,缺失待制,src/architecture-floor-plan.ts:94–113仅通用桌；src/simulation/culture.ts、clinical.ts与extensions.ts是系统证据，详模缺失,程序精细体素+材质，复杂视觉件可选Tripo,米单位/+Y向上；物理占用与安装接口0.2m网格；共享FloorPlan/真实支撑；保留门洞、楼梯孔、.35m身体/1.72m眼高和功能点净空；教师/科研/医生实际用途点与到岗分钟/材料/钱契约；不得堵病人和付款人位置,LIFE-111,尺寸/配色按同母版参数派生，不重复计算独立模型,真实WebGL近/远可辨；细体素与PBR、光照和轮廓验收；资源按所有权释放；代码存在不等于美术合格
LIFE-112,实验台,教育科研医疗,基础组件,教育科研医疗,缺失待制,src/architecture-floor-plan.ts:94–113仅通用桌；src/simulation/culture.ts、clinical.ts与extensions.ts是系统证据，详模缺失,程序精细体素+材质，复杂视觉件可选Tripo,米单位/+Y向上；物理占用与安装接口0.2m网格；共享FloorPlan/真实支撑；保留门洞、楼梯孔、.35m身体/1.72m眼高和功能点净空；教师/科研/医生实际用途点与到岗分钟/材料/钱契约；不得堵病人和付款人位置,LIFE-112,尺寸/配色按同母版参数派生，不重复计算独立模型,真实WebGL近/远可辨；细体素与PBR、光照和轮廓验收；资源按所有权释放；代码存在不等于美术合格
LIFE-113,实验仪器外壳,教育科研医疗,基础组件,教育科研医疗,缺失待制,src/architecture-floor-plan.ts:94–113仅通用桌；src/simulation/culture.ts、clinical.ts与extensions.ts是系统证据，详模缺失,程序精细体素+材质，复杂视觉件可选Tripo,米单位/+Y向上；物理占用与安装接口0.2m网格；共享FloorPlan/真实支撑；保留门洞、楼梯孔、.35m身体/1.72m眼高和功能点净空；教师/科研/医生实际用途点与到岗分钟/材料/钱契约；不得堵病人和付款人位置,LIFE-113,尺寸/配色按同母版参数派生，不重复计算独立模型,真实WebGL近/远可辨；细体素与PBR、光照和轮廓验收；资源按所有权释放；代码存在不等于美术合格
LIFE-114,显微观察设备,教育科研医疗,基础组件,教育科研医疗,缺失待制,src/architecture-floor-plan.ts:94–113仅通用桌；src/simulation/culture.ts、clinical.ts与extensions.ts是系统证据，详模缺失,程序精细体素+材质，复杂视觉件可选Tripo,米单位/+Y向上；物理占用与安装接口0.2m网格；共享FloorPlan/真实支撑；保留门洞、楼梯孔、.35m身体/1.72m眼高和功能点净空；教师/科研/医生实际用途点与到岗分钟/材料/钱契约；不得堵病人和付款人位置,LIFE-114,尺寸/配色按同母版参数派生，不重复计算独立模型,真实WebGL近/远可辨；细体素与PBR、光照和轮廓验收；资源按所有权释放；代码存在不等于美术合格
LIFE-115,研究样品容器,教育科研医疗,基础组件,教育科研医疗,缺失待制,src/architecture-floor-plan.ts:94–113仅通用桌；src/simulation/culture.ts、clinical.ts与extensions.ts是系统证据，详模缺失,程序精细体素+材质，复杂视觉件可选Tripo,米单位/+Y向上；物理占用与安装接口0.2m网格；共享FloorPlan/真实支撑；保留门洞、楼梯孔、.35m身体/1.72m眼高和功能点净空；教师/科研/医生实际用途点与到岗分钟/材料/钱契约；不得堵病人和付款人位置,LIFE-115,尺寸/配色按同母版参数派生，不重复计算独立模型,真实WebGL近/远可辨；细体素与PBR、光照和轮廓验收；资源按所有权释放；代码存在不等于美术合格
LIFE-116,科研资料柜,教育科研医疗,基础组件,教育科研医疗,缺失待制,src/architecture-floor-plan.ts:94–113仅通用桌；src/simulation/culture.ts、clinical.ts与extensions.ts是系统证据，详模缺失,程序精细体素+材质，复杂视觉件可选Tripo,米单位/+Y向上；物理占用与安装接口0.2m网格；共享FloorPlan/真实支撑；保留门洞、楼梯孔、.35m身体/1.72m眼高和功能点净空；教师/科研/医生实际用途点与到岗分钟/材料/钱契约；不得堵病人和付款人位置,LIFE-116,尺寸/配色按同母版参数派生，不重复计算独立模型,真实WebGL近/远可辨；细体素与PBR、光照和轮廓验收；资源按所有权释放；代码存在不等于美术合格
LIFE-117,能源调度控制台,教育科研医疗,基础组件,教育科研医疗,缺失待制,src/architecture-floor-plan.ts:94–113仅通用桌；src/simulation/culture.ts、clinical.ts与extensions.ts是系统证据，详模缺失,程序精细体素+材质，复杂视觉件可选Tripo,米单位/+Y向上；物理占用与安装接口0.2m网格；共享FloorPlan/真实支撑；保留门洞、楼梯孔、.35m身体/1.72m眼高和功能点净空；教师/科研/医生实际用途点与到岗分钟/材料/钱契约；不得堵病人和付款人位置,LIFE-117,尺寸/配色按同母版参数派生，不重复计算独立模型,真实WebGL近/远可辨；细体素与PBR、光照和轮廓验收；资源按所有权释放；代码存在不等于美术合格
LIFE-118,数据/通信机柜,教育科研医疗,基础组件,教育科研医疗,缺失待制,src/architecture-floor-plan.ts:94–113仅通用桌；src/simulation/culture.ts、clinical.ts与extensions.ts是系统证据，详模缺失,程序精细体素+材质，复杂视觉件可选Tripo,米单位/+Y向上；物理占用与安装接口0.2m网格；共享FloorPlan/真实支撑；保留门洞、楼梯孔、.35m身体/1.72m眼高和功能点净空；教师/科研/医生实际用途点与到岗分钟/材料/钱契约；不得堵病人和付款人位置,LIFE-118,尺寸/配色按同母版参数派生，不重复计算独立模型,真实WebGL近/远可辨；细体素与PBR、光照和轮廓验收；资源按所有权释放；代码存在不等于美术合格
LIFE-119,医学诊疗器械盘,教育科研医疗,基础组件,教育科研医疗,缺失待制,src/architecture-floor-plan.ts:94–113仅通用桌；src/simulation/culture.ts、clinical.ts与extensions.ts是系统证据，详模缺失,程序精细体素+材质，复杂视觉件可选Tripo,米单位/+Y向上；物理占用与安装接口0.2m网格；共享FloorPlan/真实支撑；保留门洞、楼梯孔、.35m身体/1.72m眼高和功能点净空；教师/科研/医生实际用途点与到岗分钟/材料/钱契约；不得堵病人和付款人位置,LIFE-119,尺寸/配色按同母版参数派生，不重复计算独立模型,真实WebGL近/远可辨；细体素与PBR、光照和轮廓验收；资源按所有权释放；代码存在不等于美术合格
LIFE-120,病床护栏模块,教育科研医疗,基础组件,教育科研医疗,缺失待制,src/architecture-floor-plan.ts:94–113仅通用桌；src/simulation/culture.ts、clinical.ts与extensions.ts是系统证据，详模缺失,程序精细体素+材质，复杂视觉件可选Tripo,米单位/+Y向上；物理占用与安装接口0.2m网格；共享FloorPlan/真实支撑；保留门洞、楼梯孔、.35m身体/1.72m眼高和功能点净空；教师/科研/医生实际用途点与到岗分钟/材料/钱契约；不得堵病人和付款人位置,LIFE-120,尺寸/配色按同母版参数派生，不重复计算独立模型,真实WebGL近/远可辨；细体素与PBR、光照和轮廓验收；资源按所有权释放；代码存在不等于美术合格
LIFE-121,病床医疗面板,教育科研医疗,基础组件,教育科研医疗,缺失待制,src/architecture-floor-plan.ts:94–113仅通用桌；src/simulation/culture.ts、clinical.ts与extensions.ts是系统证据，详模缺失,程序精细体素+材质，复杂视觉件可选Tripo,米单位/+Y向上；物理占用与安装接口0.2m网格；共享FloorPlan/真实支撑；保留门洞、楼梯孔、.35m身体/1.72m眼高和功能点净空；教师/科研/医生实际用途点与到岗分钟/材料/钱契约；不得堵病人和付款人位置,LIFE-121,尺寸/配色按同母版参数派生，不重复计算独立模型,真实WebGL近/远可辨；细体素与PBR、光照和轮廓验收；资源按所有权释放；代码存在不等于美术合格
LIFE-122,检查设备/扫描舱,教育科研医疗,基础组件,教育科研医疗,缺失待制,src/architecture-floor-plan.ts:94–113仅通用桌；src/simulation/culture.ts、clinical.ts与extensions.ts是系统证据，详模缺失,程序精细体素+材质，复杂视觉件可选Tripo,米单位/+Y向上；物理占用与安装接口0.2m网格；共享FloorPlan/真实支撑；保留门洞、楼梯孔、.35m身体/1.72m眼高和功能点净空；教师/科研/医生实际用途点与到岗分钟/材料/钱契约；不得堵病人和付款人位置,LIFE-122,尺寸/配色按同母版参数派生，不重复计算独立模型,真实WebGL近/远可辨；细体素与PBR、光照和轮廓验收；资源按所有权释放；代码存在不等于美术合格
LIFE-123,药柜药屉,教育科研医疗,基础组件,教育科研医疗,缺失待制,src/architecture-floor-plan.ts:94–113仅通用桌；src/simulation/culture.ts、clinical.ts与extensions.ts是系统证据，详模缺失,程序精细体素+材质，复杂视觉件可选Tripo,米单位/+Y向上；物理占用与安装接口0.2m网格；共享FloorPlan/真实支撑；保留门洞、楼梯孔、.35m身体/1.72m眼高和功能点净空；教师/科研/医生实际用途点与到岗分钟/材料/钱契约；不得堵病人和付款人位置,LIFE-123,尺寸/配色按同母版参数派生，不重复计算独立模型,真实WebGL近/远可辨；细体素与PBR、光照和轮廓验收；资源按所有权释放；代码存在不等于美术合格
LIFE-124,输液支架,教育科研医疗,基础组件,教育科研医疗,缺失待制,src/architecture-floor-plan.ts:94–113仅通用桌；src/simulation/culture.ts、clinical.ts与extensions.ts是系统证据，详模缺失,程序精细体素+材质，复杂视觉件可选Tripo,米单位/+Y向上；物理占用与安装接口0.2m网格；共享FloorPlan/真实支撑；保留门洞、楼梯孔、.35m身体/1.72m眼高和功能点净空；教师/科研/医生实际用途点与到岗分钟/材料/钱契约；不得堵病人和付款人位置,LIFE-124,尺寸/配色按同母版参数派生，不重复计算独立模型,真实WebGL近/远可辨；细体素与PBR、光照和轮廓验收；资源按所有权释放；代码存在不等于美术合格
LIFE-125,救护担架,教育科研医疗,基础组件,教育科研医疗,缺失待制,src/architecture-floor-plan.ts:94–113仅通用桌；src/simulation/culture.ts、clinical.ts与extensions.ts是系统证据，详模缺失,程序精细体素+材质，复杂视觉件可选Tripo,米单位/+Y向上；物理占用与安装接口0.2m网格；共享FloorPlan/真实支撑；保留门洞、楼梯孔、.35m身体/1.72m眼高和功能点净空；教师/科研/医生实际用途点与到岗分钟/材料/钱契约；不得堵病人和付款人位置,LIFE-125,尺寸/配色按同母版参数派生，不重复计算独立模型,真实WebGL近/远可辨；细体素与PBR、光照和轮廓验收；资源按所有权释放；代码存在不等于美术合格
LIFE-126,康复扶手,教育科研医疗,基础组件,教育科研医疗,缺失待制,src/architecture-floor-plan.ts:94–113仅通用桌；src/simulation/culture.ts、clinical.ts与extensions.ts是系统证据，详模缺失,程序精细体素+材质，复杂视觉件可选Tripo,米单位/+Y向上；物理占用与安装接口0.2m网格；共享FloorPlan/真实支撑；保留门洞、楼梯孔、.35m身体/1.72m眼高和功能点净空；教师/科研/医生实际用途点与到岗分钟/材料/钱契约；不得堵病人和付款人位置,LIFE-126,尺寸/配色按同母版参数派生，不重复计算独立模型,真实WebGL近/远可辨；细体素与PBR、光照和轮廓验收；资源按所有权释放；代码存在不等于美术合格
LIFE-127,医务洗手消毒台,教育科研医疗,基础组件,教育科研医疗,缺失待制,src/architecture-floor-plan.ts:94–113仅通用桌；src/simulation/culture.ts、clinical.ts与extensions.ts是系统证据，详模缺失,程序精细体素+材质，复杂视觉件可选Tripo,米单位/+Y向上；物理占用与安装接口0.2m网格；共享FloorPlan/真实支撑；保留门洞、楼梯孔、.35m身体/1.72m眼高和功能点净空；教师/科研/医生实际用途点与到岗分钟/材料/钱契约；不得堵病人和付款人位置,LIFE-127,尺寸/配色按同母版参数派生，不重复计算独立模型,真实WebGL近/远可辨；细体素与PBR、光照和轮廓验收；资源按所有权释放；代码存在不等于美术合格
LIFE-128,普通教室配置,公共服务空间,组合模板,公共服务空间,缺失待制,目标：提示词.md；对应系统存在不表示实体资产存在,既有共享楼体/点+室内组件组合,米单位/+Y向上；物理占用与安装接口0.2m网格；共享FloorPlan/真实支撑；保留门洞、楼梯孔、.35m身体/1.72m眼高和功能点净空；公开课/考试/临床托管和实际分钟分别绑定；桌一件不等于完整空间完成,LIFE-128,尺寸/配色按同母版参数派生，不重复计算独立模型,真实WebGL近/远可辨；细体素与PBR、光照和轮廓验收；资源按所有权释放；代码存在不等于美术合格
LIFE-129,公开课程与考试配置,公共服务空间,组合模板,公共服务空间,缺失待制,目标：提示词.md；对应系统存在不表示实体资产存在,既有共享楼体/点+室内组件组合,米单位/+Y向上；物理占用与安装接口0.2m网格；共享FloorPlan/真实支撑；保留门洞、楼梯孔、.35m身体/1.72m眼高和功能点净空；公开课/考试/临床托管和实际分钟分别绑定；桌一件不等于完整空间完成,LIFE-129,尺寸/配色按同母版参数派生，不重复计算独立模型,真实WebGL近/远可辨；细体素与PBR、光照和轮廓验收；资源按所有权释放；代码存在不等于美术合格
LIFE-130,图书阅览室配置,公共服务空间,组合模板,公共服务空间,缺失待制,目标：提示词.md；对应系统存在不表示实体资产存在,既有共享楼体/点+室内组件组合,米单位/+Y向上；物理占用与安装接口0.2m网格；共享FloorPlan/真实支撑；保留门洞、楼梯孔、.35m身体/1.72m眼高和功能点净空；公开课/考试/临床托管和实际分钟分别绑定；桌一件不等于完整空间完成,LIFE-130,尺寸/配色按同母版参数派生，不重复计算独立模型,真实WebGL近/远可辨；细体素与PBR、光照和轮廓验收；资源按所有权释放；代码存在不等于美术合格
LIFE-131,文学写作工位配置,公共服务空间,组合模板,公共服务空间,缺失待制,目标：提示词.md；对应系统存在不表示实体资产存在,既有共享楼体/点+室内组件组合,米单位/+Y向上；物理占用与安装接口0.2m网格；共享FloorPlan/真实支撑；保留门洞、楼梯孔、.35m身体/1.72m眼高和功能点净空；公开课/考试/临床托管和实际分钟分别绑定；桌一件不等于完整空间完成,LIFE-131,尺寸/配色按同母版参数派生，不重复计算独立模型,真实WebGL近/远可辨；细体素与PBR、光照和轮廓验收；资源按所有权释放；代码存在不等于美术合格
LIFE-132,绘画创作工位配置,公共服务空间,组合模板,公共服务空间,缺失待制,目标：提示词.md；对应系统存在不表示实体资产存在,既有共享楼体/点+室内组件组合,米单位/+Y向上；物理占用与安装接口0.2m网格；共享FloorPlan/真实支撑；保留门洞、楼梯孔、.35m身体/1.72m眼高和功能点净空；公开课/考试/临床托管和实际分钟分别绑定；桌一件不等于完整空间完成,LIFE-132,尺寸/配色按同母版参数派生，不重复计算独立模型,真实WebGL近/远可辨；细体素与PBR、光照和轮廓验收；资源按所有权释放；代码存在不等于美术合格
LIFE-133,科研实验室配置,公共服务空间,组合模板,公共服务空间,缺失待制,目标：提示词.md；对应系统存在不表示实体资产存在,既有共享楼体/点+室内组件组合,米单位/+Y向上；物理占用与安装接口0.2m网格；共享FloorPlan/真实支撑；保留门洞、楼梯孔、.35m身体/1.72m眼高和功能点净空；公开课/考试/临床托管和实际分钟分别绑定；桌一件不等于完整空间完成,LIFE-133,尺寸/配色按同母版参数派生，不重复计算独立模型,真实WebGL近/远可辨；细体素与PBR、光照和轮廓验收；资源按所有权释放；代码存在不等于美术合格
LIFE-134,能源调度室配置,公共服务空间,组合模板,公共服务空间,缺失待制,目标：提示词.md；对应系统存在不表示实体资产存在,既有共享楼体/点+室内组件组合,米单位/+Y向上；物理占用与安装接口0.2m网格；共享FloorPlan/真实支撑；保留门洞、楼梯孔、.35m身体/1.72m眼高和功能点净空；公开课/考试/临床托管和实际分钟分别绑定；桌一件不等于完整空间完成,LIFE-134,尺寸/配色按同母版参数派生，不重复计算独立模型,真实WebGL近/远可辨；细体素与PBR、光照和轮廓验收；资源按所有权释放；代码存在不等于美术合格
LIFE-135,数据机房配置,公共服务空间,组合模板,公共服务空间,缺失待制,目标：提示词.md；对应系统存在不表示实体资产存在,既有共享楼体/点+室内组件组合,米单位/+Y向上；物理占用与安装接口0.2m网格；共享FloorPlan/真实支撑；保留门洞、楼梯孔、.35m身体/1.72m眼高和功能点净空；公开课/考试/临床托管和实际分钟分别绑定；桌一件不等于完整空间完成,LIFE-135,尺寸/配色按同母版参数派生，不重复计算独立模型,真实WebGL近/远可辨；细体素与PBR、光照和轮廓验收；资源按所有权释放；代码存在不等于美术合格
LIFE-136,门诊诊室配置,公共服务空间,组合模板,公共服务空间,缺失待制,目标：提示词.md；对应系统存在不表示实体资产存在,既有共享楼体/点+室内组件组合,米单位/+Y向上；物理占用与安装接口0.2m网格；共享FloorPlan/真实支撑；保留门洞、楼梯孔、.35m身体/1.72m眼高和功能点净空；公开课/考试/临床托管和实际分钟分别绑定；桌一件不等于完整空间完成,LIFE-136,尺寸/配色按同母版参数派生，不重复计算独立模型,真实WebGL近/远可辨；细体素与PBR、光照和轮廓验收；资源按所有权释放；代码存在不等于美术合格
LIFE-137,病房与照护配置,公共服务空间,组合模板,公共服务空间,缺失待制,目标：提示词.md；对应系统存在不表示实体资产存在,既有共享楼体/点+室内组件组合,米单位/+Y向上；物理占用与安装接口0.2m网格；共享FloorPlan/真实支撑；保留门洞、楼梯孔、.35m身体/1.72m眼高和功能点净空；公开课/考试/临床托管和实际分钟分别绑定；桌一件不等于完整空间完成,LIFE-137,尺寸/配色按同母版参数派生，不重复计算独立模型,真实WebGL近/远可辨；细体素与PBR、光照和轮廓验收；资源按所有权释放；代码存在不等于美术合格
LIFE-138,药房服务配置,公共服务空间,组合模板,公共服务空间,缺失待制,目标：提示词.md；对应系统存在不表示实体资产存在,既有共享楼体/点+室内组件组合,米单位/+Y向上；物理占用与安装接口0.2m网格；共享FloorPlan/真实支撑；保留门洞、楼梯孔、.35m身体/1.72m眼高和功能点净空；公开课/考试/临床托管和实际分钟分别绑定；桌一件不等于完整空间完成,LIFE-138,尺寸/配色按同母版参数派生，不重复计算独立模型,真实WebGL近/远可辨；细体素与PBR、光照和轮廓验收；资源按所有权释放；代码存在不等于美术合格
LIFE-139,应急医护工位配置,公共服务空间,组合模板,公共服务空间,缺失待制,目标：提示词.md；对应系统存在不表示实体资产存在,既有共享楼体/点+室内组件组合,米单位/+Y向上；物理占用与安装接口0.2m网格；共享FloorPlan/真实支撑；保留门洞、楼梯孔、.35m身体/1.72m眼高和功能点净空；公开课/考试/临床托管和实际分钟分别绑定；桌一件不等于完整空间完成,LIFE-139,尺寸/配色按同母版参数派生，不重复计算独立模型,真实WebGL近/远可辨；细体素与PBR、光照和轮廓验收；资源按所有权释放；代码存在不等于美术合格
LIFE-140,公共公告屏/告示板,治理治安信息,基础组件,治理治安信息,缺失待制,目标：提示词.md；对应系统存在不表示实体资产存在,程序精细体素+材质，复杂视觉件可选Tripo,米单位/+Y向上；物理占用与安装接口0.2m网格；共享FloorPlan/真实支撑；保留门洞、楼梯孔、.35m身体/1.72m眼高和功能点净空；只读真实政策/预算/案件/档案/身份；保权限与隐私，不能装饰屏伪造系统反馈,LIFE-140,尺寸/配色按同母版参数派生，不重复计算独立模型,真实WebGL近/远可辨；细体素与PBR、光照和轮廓验收；资源按所有权释放；代码存在不等于美术合格
LIFE-141,会议桌及席位,治理治安信息,基础组件,治理治安信息,缺失待制,目标：提示词.md；对应系统存在不表示实体资产存在,程序精细体素+材质，复杂视觉件可选Tripo,米单位/+Y向上；物理占用与安装接口0.2m网格；共享FloorPlan/真实支撑；保留门洞、楼梯孔、.35m身体/1.72m眼高和功能点净空；只读真实政策/预算/案件/档案/身份；保权限与隐私，不能装饰屏伪造系统反馈,LIFE-141,尺寸/配色按同母版参数派生，不重复计算独立模型,真实WebGL近/远可辨；细体素与PBR、光照和轮廓验收；资源按所有权释放；代码存在不等于美术合格
LIFE-142,议会发言台,治理治安信息,基础组件,治理治安信息,缺失待制,目标：提示词.md；对应系统存在不表示实体资产存在,程序精细体素+材质，复杂视觉件可选Tripo,米单位/+Y向上；物理占用与安装接口0.2m网格；共享FloorPlan/真实支撑；保留门洞、楼梯孔、.35m身体/1.72m眼高和功能点净空；只读真实政策/预算/案件/档案/身份；保权限与隐私，不能装饰屏伪造系统反馈,LIFE-142,尺寸/配色按同母版参数派生，不重复计算独立模型,真实WebGL近/远可辨；细体素与PBR、光照和轮廓验收；资源按所有权释放；代码存在不等于美术合格
LIFE-143,投票箱/核验台,治理治安信息,基础组件,治理治安信息,缺失待制,目标：提示词.md；对应系统存在不表示实体资产存在,程序精细体素+材质，复杂视觉件可选Tripo,米单位/+Y向上；物理占用与安装接口0.2m网格；共享FloorPlan/真实支撑；保留门洞、楼梯孔、.35m身体/1.72m眼高和功能点净空；只读真实政策/预算/案件/档案/身份；保权限与隐私，不能装饰屏伪造系统反馈,LIFE-143,尺寸/配色按同母版参数派生，不重复计算独立模型,真实WebGL近/远可辨；细体素与PBR、光照和轮廓验收；资源按所有权释放；代码存在不等于美术合格
LIFE-144,公共预算账簿柜,治理治安信息,基础组件,治理治安信息,缺失待制,目标：提示词.md；对应系统存在不表示实体资产存在,程序精细体素+材质，复杂视觉件可选Tripo,米单位/+Y向上；物理占用与安装接口0.2m网格；共享FloorPlan/真实支撑；保留门洞、楼梯孔、.35m身体/1.72m眼高和功能点净空；只读真实政策/预算/案件/档案/身份；保权限与隐私，不能装饰屏伪造系统反馈,LIFE-144,尺寸/配色按同母版参数派生，不重复计算独立模型,真实WebGL近/远可辨；细体素与PBR、光照和轮廓验收；资源按所有权释放；代码存在不等于美术合格
LIFE-145,公共审计取证盒,治理治安信息,基础组件,治理治安信息,缺失待制,目标：提示词.md；对应系统存在不表示实体资产存在,程序精细体素+材质，复杂视觉件可选Tripo,米单位/+Y向上；物理占用与安装接口0.2m网格；共享FloorPlan/真实支撑；保留门洞、楼梯孔、.35m身体/1.72m眼高和功能点净空；只读真实政策/预算/案件/档案/身份；保权限与隐私，不能装饰屏伪造系统反馈,LIFE-145,尺寸/配色按同母版参数派生，不重复计算独立模型,真实WebGL近/远可辨；细体素与PBR、光照和轮廓验收；资源按所有权释放；代码存在不等于美术合格
LIFE-146,档案卷宗柜,治理治安信息,基础组件,治理治安信息,缺失待制,目标：提示词.md；对应系统存在不表示实体资产存在,程序精细体素+材质，复杂视觉件可选Tripo,米单位/+Y向上；物理占用与安装接口0.2m网格；共享FloorPlan/真实支撑；保留门洞、楼梯孔、.35m身体/1.72m眼高和功能点净空；只读真实政策/预算/案件/档案/身份；保权限与隐私，不能装饰屏伪造系统反馈,LIFE-146,尺寸/配色按同母版参数派生，不重复计算独立模型,真实WebGL近/远可辨；细体素与PBR、光照和轮廓验收；资源按所有权释放；代码存在不等于美术合格
LIFE-147,城市信息查询终端,治理治安信息,基础组件,治理治安信息,缺失待制,目标：提示词.md；对应系统存在不表示实体资产存在,程序精细体素+材质，复杂视觉件可选Tripo,米单位/+Y向上；物理占用与安装接口0.2m网格；共享FloorPlan/真实支撑；保留门洞、楼梯孔、.35m身体/1.72m眼高和功能点净空；只读真实政策/预算/案件/档案/身份；保权限与隐私，不能装饰屏伪造系统反馈,LIFE-147,尺寸/配色按同母版参数派生，不重复计算独立模型,真实WebGL近/远可辨；细体素与PBR、光照和轮廓验收；资源按所有权释放；代码存在不等于美术合格
LIFE-148,外交仪仗旗座,治理治安信息,基础组件,治理治安信息,缺失待制,目标：提示词.md；对应系统存在不表示实体资产存在,程序精细体素+材质，复杂视觉件可选Tripo,米单位/+Y向上；物理占用与安装接口0.2m网格；共享FloorPlan/真实支撑；保留门洞、楼梯孔、.35m身体/1.72m眼高和功能点净空；只读真实政策/预算/案件/档案/身份；保权限与隐私，不能装饰屏伪造系统反馈,LIFE-148,尺寸/配色按同母版参数派生，不重复计算独立模型,真实WebGL近/远可辨；细体素与PBR、光照和轮廓验收；资源按所有权释放；代码存在不等于美术合格
LIFE-149,边境/移民办理台,治理治安信息,基础组件,治理治安信息,缺失待制,目标：提示词.md；对应系统存在不表示实体资产存在,程序精细体素+材质，复杂视觉件可选Tripo,米单位/+Y向上；物理占用与安装接口0.2m网格；共享FloorPlan/真实支撑；保留门洞、楼梯孔、.35m身体/1.72m眼高和功能点净空；只读真实政策/预算/案件/档案/身份；保权限与隐私，不能装饰屏伪造系统反馈,LIFE-149,尺寸/配色按同母版参数派生，不重复计算独立模型,真实WebGL近/远可辨；细体素与PBR、光照和轮廓验收；资源按所有权释放；代码存在不等于美术合格
LIFE-150,慈善救济柜,治理治安信息,基础组件,治理治安信息,缺失待制,目标：提示词.md；对应系统存在不表示实体资产存在,程序精细体素+材质，复杂视觉件可选Tripo,米单位/+Y向上；物理占用与安装接口0.2m网格；共享FloorPlan/真实支撑；保留门洞、楼梯孔、.35m身体/1.72m眼高和功能点净空；只读真实政策/预算/案件/档案/身份；保权限与隐私，不能装饰屏伪造系统反馈,LIFE-150,尺寸/配色按同母版参数派生，不重复计算独立模型,真实WebGL近/远可辨；细体素与PBR、光照和轮廓验收；资源按所有权释放；代码存在不等于美术合格
LIFE-151,警务值班桌,治理治安信息,基础组件,治理治安信息,缺失待制,目标：提示词.md；对应系统存在不表示实体资产存在,程序精细体素+材质，复杂视觉件可选Tripo,米单位/+Y向上；物理占用与安装接口0.2m网格；共享FloorPlan/真实支撑；保留门洞、楼梯孔、.35m身体/1.72m眼高和功能点净空；只读真实政策/预算/案件/档案/身份；保权限与隐私，不能装饰屏伪造系统反馈,LIFE-151,尺寸/配色按同母版参数派生，不重复计算独立模型,真实WebGL近/远可辨；细体素与PBR、光照和轮廓验收；资源按所有权释放；代码存在不等于美术合格
LIFE-152,警用证物柜,治理治安信息,基础组件,治理治安信息,缺失待制,目标：提示词.md；对应系统存在不表示实体资产存在,程序精细体素+材质，复杂视觉件可选Tripo,米单位/+Y向上；物理占用与安装接口0.2m网格；共享FloorPlan/真实支撑；保留门洞、楼梯孔、.35m身体/1.72m眼高和功能点净空；只读真实政策/预算/案件/档案/身份；保权限与隐私，不能装饰屏伪造系统反馈,LIFE-152,尺寸/配色按同母版参数派生，不重复计算独立模型,真实WebGL近/远可辨；细体素与PBR、光照和轮廓验收；资源按所有权释放；代码存在不等于美术合格
LIFE-153,司法审判席,治理治安信息,基础组件,治理治安信息,缺失待制,目标：提示词.md；对应系统存在不表示实体资产存在,程序精细体素+材质，复杂视觉件可选Tripo,米单位/+Y向上；物理占用与安装接口0.2m网格；共享FloorPlan/真实支撑；保留门洞、楼梯孔、.35m身体/1.72m眼高和功能点净空；只读真实政策/预算/案件/档案/身份；保权限与隐私，不能装饰屏伪造系统反馈,LIFE-153,尺寸/配色按同母版参数派生，不重复计算独立模型,真实WebGL近/远可辨；细体素与PBR、光照和轮廓验收；资源按所有权释放；代码存在不等于美术合格
LIFE-154,司法旁听座椅,治理治安信息,基础组件,治理治安信息,缺失待制,目标：提示词.md；对应系统存在不表示实体资产存在,程序精细体素+材质，复杂视觉件可选Tripo,米单位/+Y向上；物理占用与安装接口0.2m网格；共享FloorPlan/真实支撑；保留门洞、楼梯孔、.35m身体/1.72m眼高和功能点净空；只读真实政策/预算/案件/档案/身份；保权限与隐私，不能装饰屏伪造系统反馈,LIFE-154,尺寸/配色按同母版参数派生，不重复计算独立模型,真实WebGL近/远可辨；细体素与PBR、光照和轮廓验收；资源按所有权释放；代码存在不等于美术合格
LIFE-155,讯问记录台,治理治安信息,基础组件,治理治安信息,缺失待制,目标：提示词.md；对应系统存在不表示实体资产存在,程序精细体素+材质，复杂视觉件可选Tripo,米单位/+Y向上；物理占用与安装接口0.2m网格；共享FloorPlan/真实支撑；保留门洞、楼梯孔、.35m身体/1.72m眼高和功能点净空；只读真实政策/预算/案件/档案/身份；保权限与隐私，不能装饰屏伪造系统反馈,LIFE-155,尺寸/配色按同母版参数派生，不重复计算独立模型,真实WebGL近/远可辨；细体素与PBR、光照和轮廓验收；资源按所有权释放；代码存在不等于美术合格
LIFE-156,监所床位/储物组合,治理治安信息,基础组件,治理治安信息,缺失待制,目标：提示词.md；对应系统存在不表示实体资产存在,程序精细体素+材质，复杂视觉件可选Tripo,米单位/+Y向上；物理占用与安装接口0.2m网格；共享FloorPlan/真实支撑；保留门洞、楼梯孔、.35m身体/1.72m眼高和功能点净空；只读真实政策/预算/案件/档案/身份；保权限与隐私，不能装饰屏伪造系统反馈,LIFE-156,尺寸/配色按同母版参数派生，不重复计算独立模型,真实WebGL近/远可辨；细体素与PBR、光照和轮廓验收；资源按所有权释放；代码存在不等于美术合格
LIFE-157,巡逻岗亭信息台,治理治安信息,基础组件,治理治安信息,缺失待制,目标：提示词.md；对应系统存在不表示实体资产存在,程序精细体素+材质，复杂视觉件可选Tripo,米单位/+Y向上；物理占用与安装接口0.2m网格；共享FloorPlan/真实支撑；保留门洞、楼梯孔、.35m身体/1.72m眼高和功能点净空；只读真实政策/预算/案件/档案/身份；保权限与隐私，不能装饰屏伪造系统反馈,LIFE-157,尺寸/配色按同母版参数派生，不重复计算独立模型,真实WebGL近/远可辨；细体素与PBR、光照和轮廓验收；资源按所有权释放；代码存在不等于美术合格
LIFE-158,安防监控器,治理治安信息,基础组件,治理治安信息,缺失待制,目标：提示词.md；对应系统存在不表示实体资产存在,程序精细体素+材质，复杂视觉件可选Tripo,米单位/+Y向上；物理占用与安装接口0.2m网格；共享FloorPlan/真实支撑；保留门洞、楼梯孔、.35m身体/1.72m眼高和功能点净空；只读真实政策/预算/案件/档案/身份；保权限与隐私，不能装饰屏伪造系统反馈,LIFE-158,尺寸/配色按同母版参数派生，不重复计算独立模型,真实WebGL近/远可辨；细体素与PBR、光照和轮廓验收；资源按所有权释放；代码存在不等于美术合格
LIFE-159,消防工具柜,治理治安信息,基础组件,治理治安信息,缺失待制,目标：提示词.md；对应系统存在不表示实体资产存在,程序精细体素+材质，复杂视觉件可选Tripo,米单位/+Y向上；物理占用与安装接口0.2m网格；共享FloorPlan/真实支撑；保留门洞、楼梯孔、.35m身体/1.72m眼高和功能点净空；只读真实政策/预算/案件/档案/身份；保权限与隐私，不能装饰屏伪造系统反馈,LIFE-159,尺寸/配色按同母版参数派生，不重复计算独立模型,真实WebGL近/远可辨；细体素与PBR、光照和轮廓验收；资源按所有权释放；代码存在不等于美术合格
LIFE-160,公开议事大厅配置,制度空间配置,组合模板,制度空间配置,缺失待制,目标：提示词.md；对应系统存在不表示实体资产存在,共享楼体+可用室内组件+身份门禁,米单位/+Y向上；物理占用与安装接口0.2m网格；共享FloorPlan/真实支撑；保留门洞、楼梯孔、.35m身体/1.72m眼高和功能点净空；按真实角色规则开启；原法院/监狱完整玩法未实现不能借美术声明完成,LIFE-160,尺寸/配色按同母版参数派生，不重复计算独立模型,真实WebGL近/远可辨；细体素与PBR、光照和轮廓验收；资源按所有权释放；代码存在不等于美术合格
LIFE-161,市长/公务办公配置,制度空间配置,组合模板,制度空间配置,缺失待制,目标：提示词.md；对应系统存在不表示实体资产存在,共享楼体+可用室内组件+身份门禁,米单位/+Y向上；物理占用与安装接口0.2m网格；共享FloorPlan/真实支撑；保留门洞、楼梯孔、.35m身体/1.72m眼高和功能点净空；按真实角色规则开启；原法院/监狱完整玩法未实现不能借美术声明完成,LIFE-161,尺寸/配色按同母版参数派生，不重复计算独立模型,真实WebGL近/远可辨；细体素与PBR、光照和轮廓验收；资源按所有权释放；代码存在不等于美术合格
LIFE-162,预算金库内室配置,制度空间配置,组合模板,制度空间配置,缺失待制,目标：提示词.md；对应系统存在不表示实体资产存在,共享楼体+可用室内组件+身份门禁,米单位/+Y向上；物理占用与安装接口0.2m网格；共享FloorPlan/真实支撑；保留门洞、楼梯孔、.35m身体/1.72m眼高和功能点净空；按真实角色规则开启；原法院/监狱完整玩法未实现不能借美术声明完成,LIFE-162,尺寸/配色按同母版参数派生，不重复计算独立模型,真实WebGL近/远可辨；细体素与PBR、光照和轮廓验收；资源按所有权释放；代码存在不等于美术合格
LIFE-163,公共档案阅览配置,制度空间配置,组合模板,制度空间配置,缺失待制,目标：提示词.md；对应系统存在不表示实体资产存在,共享楼体+可用室内组件+身份门禁,米单位/+Y向上；物理占用与安装接口0.2m网格；共享FloorPlan/真实支撑；保留门洞、楼梯孔、.35m身体/1.72m眼高和功能点净空；按真实角色规则开启；原法院/监狱完整玩法未实现不能借美术声明完成,LIFE-163,尺寸/配色按同母版参数派生，不重复计算独立模型,真实WebGL近/远可辨；细体素与PBR、光照和轮廓验收；资源按所有权释放；代码存在不等于美术合格
LIFE-164,使节会客配置,制度空间配置,组合模板,制度空间配置,缺失待制,目标：提示词.md；对应系统存在不表示实体资产存在,共享楼体+可用室内组件+身份门禁,米单位/+Y向上；物理占用与安装接口0.2m网格；共享FloorPlan/真实支撑；保留门洞、楼梯孔、.35m身体/1.72m眼高和功能点净空；按真实角色规则开启；原法院/监狱完整玩法未实现不能借美术声明完成,LIFE-164,尺寸/配色按同母版参数派生，不重复计算独立模型,真实WebGL近/远可辨；细体素与PBR、光照和轮廓验收；资源按所有权释放；代码存在不等于美术合格
LIFE-165,警务调度室配置,制度空间配置,组合模板,制度空间配置,缺失待制,目标：提示词.md；对应系统存在不表示实体资产存在,共享楼体+可用室内组件+身份门禁,米单位/+Y向上；物理占用与安装接口0.2m网格；共享FloorPlan/真实支撑；保留门洞、楼梯孔、.35m身体/1.72m眼高和功能点净空；按真实角色规则开启；原法院/监狱完整玩法未实现不能借美术声明完成,LIFE-165,尺寸/配色按同母版参数派生，不重复计算独立模型,真实WebGL近/远可辨；细体素与PBR、光照和轮廓验收；资源按所有权释放；代码存在不等于美术合格
LIFE-166,司法审判庭配置,制度空间配置,组合模板,制度空间配置,缺失待制,目标：提示词.md；对应系统存在不表示实体资产存在,共享楼体+可用室内组件+身份门禁,米单位/+Y向上；物理占用与安装接口0.2m网格；共享FloorPlan/真实支撑；保留门洞、楼梯孔、.35m身体/1.72m眼高和功能点净空；按真实角色规则开启；原法院/监狱完整玩法未实现不能借美术声明完成,LIFE-166,尺寸/配色按同母版参数派生，不重复计算独立模型,真实WebGL近/远可辨；细体素与PBR、光照和轮廓验收；资源按所有权释放；代码存在不等于美术合格
LIFE-167,羁押/监所内室配置,制度空间配置,组合模板,制度空间配置,缺失待制,目标：提示词.md；对应系统存在不表示实体资产存在,共享楼体+可用室内组件+身份门禁,米单位/+Y向上；物理占用与安装接口0.2m网格；共享FloorPlan/真实支撑；保留门洞、楼梯孔、.35m身体/1.72m眼高和功能点净空；按真实角色规则开启；原法院/监狱完整玩法未实现不能借美术声明完成,LIFE-167,尺寸/配色按同母版参数派生，不重复计算独立模型,真实WebGL近/远可辨；细体素与PBR、光照和轮廓验收；资源按所有权释放；代码存在不等于美术合格
LIFE-168,移民/福利服务配置,制度空间配置,组合模板,制度空间配置,缺失待制,目标：提示词.md；对应系统存在不表示实体资产存在,共享楼体+可用室内组件+身份门禁,米单位/+Y向上；物理占用与安装接口0.2m网格；共享FloorPlan/真实支撑；保留门洞、楼梯孔、.35m身体/1.72m眼高和功能点净空；按真实角色规则开启；原法院/监狱完整玩法未实现不能借美术声明完成,LIFE-168,尺寸/配色按同母版参数派生，不重复计算独立模型,真实WebGL近/远可辨；细体素与PBR、光照和轮廓验收；资源按所有权释放；代码存在不等于美术合格
LIFE-169,画框及展架,文化生活,基础组件,文化生活,缺失待制,目标：提示词.md；对应系统存在不表示实体资产存在,程序精细体素+材质，复杂视觉件可选Tripo,米单位/+Y向上；物理占用与安装接口0.2m网格；共享FloorPlan/真实支撑；保留门洞、楼梯孔、.35m身体/1.72m眼高和功能点净空；读取真实文化作品/库存/到场/仪式时数；涉及动物角色母版见CHAR域，不从数值反推已渲染,LIFE-169,尺寸/配色按同母版参数派生，不重复计算独立模型,真实WebGL近/远可辨；细体素与PBR、光照和轮廓验收；资源按所有权释放；代码存在不等于美术合格
LIFE-170,画布与画架,文化生活,基础组件,文化生活,缺失待制,目标：提示词.md；对应系统存在不表示实体资产存在,程序精细体素+材质，复杂视觉件可选Tripo,米单位/+Y向上；物理占用与安装接口0.2m网格；共享FloorPlan/真实支撑；保留门洞、楼梯孔、.35m身体/1.72m眼高和功能点净空；读取真实文化作品/库存/到场/仪式时数；涉及动物角色母版见CHAR域，不从数值反推已渲染,LIFE-170,尺寸/配色按同母版参数派生，不重复计算独立模型,真实WebGL近/远可辨；细体素与PBR、光照和轮廓验收；资源按所有权释放；代码存在不等于美术合格
LIFE-171,书法纸砚及笔架,文化生活,基础组件,文化生活,缺失待制,目标：提示词.md；对应系统存在不表示实体资产存在,程序精细体素+材质，复杂视觉件可选Tripo,米单位/+Y向上；物理占用与安装接口0.2m网格；共享FloorPlan/真实支撑；保留门洞、楼梯孔、.35m身体/1.72m眼高和功能点净空；读取真实文化作品/库存/到场/仪式时数；涉及动物角色母版见CHAR域，不从数值反推已渲染,LIFE-171,尺寸/配色按同母版参数派生，不重复计算独立模型,真实WebGL近/远可辨；细体素与PBR、光照和轮廓验收；资源按所有权释放；代码存在不等于美术合格
LIFE-172,印刷/出版设备,文化生活,基础组件,文化生活,缺失待制,目标：提示词.md；对应系统存在不表示实体资产存在,程序精细体素+材质，复杂视觉件可选Tripo,米单位/+Y向上；物理占用与安装接口0.2m网格；共享FloorPlan/真实支撑；保留门洞、楼梯孔、.35m身体/1.72m眼高和功能点净空；读取真实文化作品/库存/到场/仪式时数；涉及动物角色母版见CHAR域，不从数值反推已渲染,LIFE-172,尺寸/配色按同母版参数派生，不重复计算独立模型,真实WebGL近/远可辨；细体素与PBR、光照和轮廓验收；资源按所有权释放；代码存在不等于美术合格
LIFE-173,展陈介绍牌,文化生活,基础组件,文化生活,缺失待制,目标：提示词.md；对应系统存在不表示实体资产存在,程序精细体素+材质，复杂视觉件可选Tripo,米单位/+Y向上；物理占用与安装接口0.2m网格；共享FloorPlan/真实支撑；保留门洞、楼梯孔、.35m身体/1.72m眼高和功能点净空；读取真实文化作品/库存/到场/仪式时数；涉及动物角色母版见CHAR域，不从数值反推已渲染,LIFE-173,尺寸/配色按同母版参数派生，不重复计算独立模型,真实WebGL近/远可辨；细体素与PBR、光照和轮廓验收；资源按所有权释放；代码存在不等于美术合格
LIFE-174,乐器琴体,文化生活,基础组件,文化生活,缺失待制,目标：提示词.md；对应系统存在不表示实体资产存在,程序精细体素+材质，复杂视觉件可选Tripo,米单位/+Y向上；物理占用与安装接口0.2m网格；共享FloorPlan/真实支撑；保留门洞、楼梯孔、.35m身体/1.72m眼高和功能点净空；读取真实文化作品/库存/到场/仪式时数；涉及动物角色母版见CHAR域，不从数值反推已渲染,LIFE-174,尺寸/配色按同母版参数派生，不重复计算独立模型,真实WebGL近/远可辨；细体素与PBR、光照和轮廓验收；资源按所有权释放；代码存在不等于美术合格
LIFE-175,打击乐器鼓体,文化生活,基础组件,文化生活,缺失待制,目标：提示词.md；对应系统存在不表示实体资产存在,程序精细体素+材质，复杂视觉件可选Tripo,米单位/+Y向上；物理占用与安装接口0.2m网格；共享FloorPlan/真实支撑；保留门洞、楼梯孔、.35m身体/1.72m眼高和功能点净空；读取真实文化作品/库存/到场/仪式时数；涉及动物角色母版见CHAR域，不从数值反推已渲染,LIFE-175,尺寸/配色按同母版参数派生，不重复计算独立模型,真实WebGL近/远可辨；细体素与PBR、光照和轮廓验收；资源按所有权释放；代码存在不等于美术合格
LIFE-176,演出舞台模块,文化生活,基础组件,文化生活,缺失待制,目标：提示词.md；对应系统存在不表示实体资产存在,程序精细体素+材质，复杂视觉件可选Tripo,米单位/+Y向上；物理占用与安装接口0.2m网格；共享FloorPlan/真实支撑；保留门洞、楼梯孔、.35m身体/1.72m眼高和功能点净空；读取真实文化作品/库存/到场/仪式时数；涉及动物角色母版见CHAR域，不从数值反推已渲染,LIFE-176,尺寸/配色按同母版参数派生，不重复计算独立模型,真实WebGL近/远可辨；细体素与PBR、光照和轮廓验收；资源按所有权释放；代码存在不等于美术合格
LIFE-177,后台收纳与音响架,文化生活,基础组件,文化生活,缺失待制,目标：提示词.md；对应系统存在不表示实体资产存在,程序精细体素+材质，复杂视觉件可选Tripo,米单位/+Y向上；物理占用与安装接口0.2m网格；共享FloorPlan/真实支撑；保留门洞、楼梯孔、.35m身体/1.72m眼高和功能点净空；读取真实文化作品/库存/到场/仪式时数；涉及动物角色母版见CHAR域，不从数值反推已渲染,LIFE-177,尺寸/配色按同母版参数派生，不重复计算独立模型,真实WebGL近/远可辨；细体素与PBR、光照和轮廓验收；资源按所有权释放；代码存在不等于美术合格
LIFE-178,信仰礼仪供台,文化生活,基础组件,文化生活,缺失待制,目标：提示词.md；对应系统存在不表示实体资产存在,程序精细体素+材质，复杂视觉件可选Tripo,米单位/+Y向上；物理占用与安装接口0.2m网格；共享FloorPlan/真实支撑；保留门洞、楼梯孔、.35m身体/1.72m眼高和功能点净空；读取真实文化作品/库存/到场/仪式时数；涉及动物角色母版见CHAR域，不从数值反推已渲染,LIFE-178,尺寸/配色按同母版参数派生，不重复计算独立模型,真实WebGL近/远可辨；细体素与PBR、光照和轮廓验收；资源按所有权释放；代码存在不等于美术合格
LIFE-179,香炉及烛灯,文化生活,基础组件,文化生活,缺失待制,目标：提示词.md；对应系统存在不表示实体资产存在,程序精细体素+材质，复杂视觉件可选Tripo,米单位/+Y向上；物理占用与安装接口0.2m网格；共享FloorPlan/真实支撑；保留门洞、楼梯孔、.35m身体/1.72m眼高和功能点净空；读取真实文化作品/库存/到场/仪式时数；涉及动物角色母版见CHAR域，不从数值反推已渲染,LIFE-179,尺寸/配色按同母版参数派生，不重复计算独立模型,真实WebGL近/远可辨；细体素与PBR、光照和轮廓验收；资源按所有权释放；代码存在不等于美术合格
LIFE-180,哲学辩论讲席,文化生活,基础组件,文化生活,缺失待制,目标：提示词.md；对应系统存在不表示实体资产存在,程序精细体素+材质，复杂视觉件可选Tripo,米单位/+Y向上；物理占用与安装接口0.2m网格；共享FloorPlan/真实支撑；保留门洞、楼梯孔、.35m身体/1.72m眼高和功能点净空；读取真实文化作品/库存/到场/仪式时数；涉及动物角色母版见CHAR域，不从数值反推已渲染,LIFE-180,尺寸/配色按同母版参数派生，不重复计算独立模型,真实WebGL近/远可辨；细体素与PBR、光照和轮廓验收；资源按所有权释放；代码存在不等于美术合格
LIFE-181,棋盘与棋具,文化生活,基础组件,文化生活,缺失待制,目标：提示词.md；对应系统存在不表示实体资产存在,程序精细体素+材质，复杂视觉件可选Tripo,米单位/+Y向上；物理占用与安装接口0.2m网格；共享FloorPlan/真实支撑；保留门洞、楼梯孔、.35m身体/1.72m眼高和功能点净空；读取真实文化作品/库存/到场/仪式时数；涉及动物角色母版见CHAR域，不从数值反推已渲染,LIFE-181,尺寸/配色按同母版参数派生，不重复计算独立模型,真实WebGL近/远可辨；细体素与PBR、光照和轮廓验收；资源按所有权释放；代码存在不等于美术合格
LIFE-182,体育球及球具,文化生活,基础组件,文化生活,缺失待制,目标：提示词.md；对应系统存在不表示实体资产存在,程序精细体素+材质，复杂视觉件可选Tripo,米单位/+Y向上；物理占用与安装接口0.2m网格；共享FloorPlan/真实支撑；保留门洞、楼梯孔、.35m身体/1.72m眼高和功能点净空；读取真实文化作品/库存/到场/仪式时数；涉及动物角色母版见CHAR域，不从数值反推已渲染,LIFE-182,尺寸/配色按同母版参数派生，不重复计算独立模型,真实WebGL近/远可辨；细体素与PBR、光照和轮廓验收；资源按所有权释放；代码存在不等于美术合格
LIFE-183,体育器械框架,文化生活,基础组件,文化生活,缺失待制,目标：提示词.md；对应系统存在不表示实体资产存在,程序精细体素+材质，复杂视觉件可选Tripo,米单位/+Y向上；物理占用与安装接口0.2m网格；共享FloorPlan/真实支撑；保留门洞、楼梯孔、.35m身体/1.72m眼高和功能点净空；读取真实文化作品/库存/到场/仪式时数；涉及动物角色母版见CHAR域，不从数值反推已渲染,LIFE-183,尺寸/配色按同母版参数派生，不重复计算独立模型,真实WebGL近/远可辨；细体素与PBR、光照和轮廓验收；资源按所有权释放；代码存在不等于美术合格
LIFE-184,游艺桌/娱乐设备,文化生活,基础组件,文化生活,缺失待制,目标：提示词.md；对应系统存在不表示实体资产存在,程序精细体素+材质，复杂视觉件可选Tripo,米单位/+Y向上；物理占用与安装接口0.2m网格；共享FloorPlan/真实支撑；保留门洞、楼梯孔、.35m身体/1.72m眼高和功能点净空；读取真实文化作品/库存/到场/仪式时数；涉及动物角色母版见CHAR域，不从数值反推已渲染,LIFE-184,尺寸/配色按同母版参数派生，不重复计算独立模型,真实WebGL近/远可辨；细体素与PBR、光照和轮廓验收；资源按所有权释放；代码存在不等于美术合格
LIFE-185,节庆旗幡挂件,文化生活,基础组件,文化生活,缺失待制,目标：提示词.md；对应系统存在不表示实体资产存在,程序精细体素+材质，复杂视觉件可选Tripo,米单位/+Y向上；物理占用与安装接口0.2m网格；共享FloorPlan/真实支撑；保留门洞、楼梯孔、.35m身体/1.72m眼高和功能点净空；读取真实文化作品/库存/到场/仪式时数；涉及动物角色母版见CHAR域，不从数值反推已渲染,LIFE-185,尺寸/配色按同母版参数派生，不重复计算独立模型,真实WebGL近/远可辨；细体素与PBR、光照和轮廓验收；资源按所有权释放；代码存在不等于美术合格
LIFE-186,节庆花灯外壳,文化生活,基础组件,文化生活,缺失待制,目标：提示词.md；对应系统存在不表示实体资产存在,程序精细体素+材质，复杂视觉件可选Tripo,米单位/+Y向上；物理占用与安装接口0.2m网格；共享FloorPlan/真实支撑；保留门洞、楼梯孔、.35m身体/1.72m眼高和功能点净空；读取真实文化作品/库存/到场/仪式时数；涉及动物角色母版见CHAR域，不从数值反推已渲染,LIFE-186,尺寸/配色按同母版参数派生，不重复计算独立模型,真实WebGL近/远可辨；细体素与PBR、光照和轮廓验收；资源按所有权释放；代码存在不等于美术合格
LIFE-187,婚礼礼仪台,文化生活,基础组件,文化生活,缺失待制,目标：提示词.md；对应系统存在不表示实体资产存在,程序精细体素+材质，复杂视觉件可选Tripo,米单位/+Y向上；物理占用与安装接口0.2m网格；共享FloorPlan/真实支撑；保留门洞、楼梯孔、.35m身体/1.72m眼高和功能点净空；读取真实文化作品/库存/到场/仪式时数；涉及动物角色母版见CHAR域，不从数值反推已渲染,LIFE-187,尺寸/配色按同母版参数派生，不重复计算独立模型,真实WebGL近/远可辨；细体素与PBR、光照和轮廓验收；资源按所有权释放；代码存在不等于美术合格
LIFE-188,婚礼座席,文化生活,基础组件,文化生活,缺失待制,目标：提示词.md；对应系统存在不表示实体资产存在,程序精细体素+材质，复杂视觉件可选Tripo,米单位/+Y向上；物理占用与安装接口0.2m网格；共享FloorPlan/真实支撑；保留门洞、楼梯孔、.35m身体/1.72m眼高和功能点净空；读取真实文化作品/库存/到场/仪式时数；涉及动物角色母版见CHAR域，不从数值反推已渲染,LIFE-188,尺寸/配色按同母版参数派生，不重复计算独立模型,真实WebGL近/远可辨；细体素与PBR、光照和轮廓验收；资源按所有权释放；代码存在不等于美术合格
LIFE-189,葬仪台与棺具,文化生活,基础组件,文化生活,缺失待制,目标：提示词.md；对应系统存在不表示实体资产存在,程序精细体素+材质，复杂视觉件可选Tripo,米单位/+Y向上；物理占用与安装接口0.2m网格；共享FloorPlan/真实支撑；保留门洞、楼梯孔、.35m身体/1.72m眼高和功能点净空；读取真实文化作品/库存/到场/仪式时数；涉及动物角色母版见CHAR域，不从数值反推已渲染,LIFE-189,尺寸/配色按同母版参数派生，不重复计算独立模型,真实WebGL近/远可辨；细体素与PBR、光照和轮廓验收；资源按所有权释放；代码存在不等于美术合格
LIFE-190,纪念牌位,文化生活,基础组件,文化生活,缺失待制,目标：提示词.md；对应系统存在不表示实体资产存在,程序精细体素+材质，复杂视觉件可选Tripo,米单位/+Y向上；物理占用与安装接口0.2m网格；共享FloorPlan/真实支撑；保留门洞、楼梯孔、.35m身体/1.72m眼高和功能点净空；读取真实文化作品/库存/到场/仪式时数；涉及动物角色母版见CHAR域，不从数值反推已渲染,LIFE-190,尺寸/配色按同母版参数派生，不重复计算独立模型,真实WebGL近/远可辨；细体素与PBR、光照和轮廓验收；资源按所有权释放；代码存在不等于美术合格
LIFE-191,生日/家庭庆典摆台,文化生活,基础组件,文化生活,缺失待制,目标：提示词.md；对应系统存在不表示实体资产存在,程序精细体素+材质，复杂视觉件可选Tripo,米单位/+Y向上；物理占用与安装接口0.2m网格；共享FloorPlan/真实支撑；保留门洞、楼梯孔、.35m身体/1.72m眼高和功能点净空；读取真实文化作品/库存/到场/仪式时数；涉及动物角色母版见CHAR域，不从数值反推已渲染,LIFE-191,尺寸/配色按同母版参数派生，不重复计算独立模型,真实WebGL近/远可辨；细体素与PBR、光照和轮廓验收；资源按所有权释放；代码存在不等于美术合格
LIFE-192,社区茶室器具,文化生活,基础组件,文化生活,缺失待制,目标：提示词.md；对应系统存在不表示实体资产存在,程序精细体素+材质，复杂视觉件可选Tripo,米单位/+Y向上；物理占用与安装接口0.2m网格；共享FloorPlan/真实支撑；保留门洞、楼梯孔、.35m身体/1.72m眼高和功能点净空；读取真实文化作品/库存/到场/仪式时数；涉及动物角色母版见CHAR域，不从数值反推已渲染,LIFE-192,尺寸/配色按同母版参数派生，不重复计算独立模型,真实WebGL近/远可辨；细体素与PBR、光照和轮廓验收；资源按所有权释放；代码存在不等于美术合格
LIFE-193,旅游接待办理台,文化生活,基础组件,文化生活,缺失待制,目标：提示词.md；对应系统存在不表示实体资产存在,程序精细体素+材质，复杂视觉件可选Tripo,米单位/+Y向上；物理占用与安装接口0.2m网格；共享FloorPlan/真实支撑；保留门洞、楼梯孔、.35m身体/1.72m眼高和功能点净空；读取真实文化作品/库存/到场/仪式时数；涉及动物角色母版见CHAR域，不从数值反推已渲染,LIFE-193,尺寸/配色按同母版参数派生，不重复计算独立模型,真实WebGL近/远可辨；细体素与PBR、光照和轮廓验收；资源按所有权释放；代码存在不等于美术合格
LIFE-194,宠物寝窝,文化生活,基础组件,文化生活,缺失待制,目标：提示词.md；对应系统存在不表示实体资产存在,程序精细体素+材质，复杂视觉件可选Tripo,米单位/+Y向上；物理占用与安装接口0.2m网格；共享FloorPlan/真实支撑；保留门洞、楼梯孔、.35m身体/1.72m眼高和功能点净空；读取真实文化作品/库存/到场/仪式时数；涉及动物角色母版见CHAR域，不从数值反推已渲染,LIFE-194,尺寸/配色按同母版参数派生，不重复计算独立模型,真实WebGL近/远可辨；细体素与PBR、光照和轮廓验收；资源按所有权释放；代码存在不等于美术合格
LIFE-195,宠物食水盆,文化生活,基础组件,文化生活,缺失待制,目标：提示词.md；对应系统存在不表示实体资产存在,程序精细体素+材质，复杂视觉件可选Tripo,米单位/+Y向上；物理占用与安装接口0.2m网格；共享FloorPlan/真实支撑；保留门洞、楼梯孔、.35m身体/1.72m眼高和功能点净空；读取真实文化作品/库存/到场/仪式时数；涉及动物角色母版见CHAR域，不从数值反推已渲染,LIFE-195,尺寸/配色按同母版参数派生，不重复计算独立模型,真实WebGL近/远可辨；细体素与PBR、光照和轮廓验收；资源按所有权释放；代码存在不等于美术合格
LIFE-196,家务清洁工具,文化生活,基础组件,文化生活,缺失待制,目标：提示词.md；对应系统存在不表示实体资产存在,程序精细体素+材质，复杂视觉件可选Tripo,米单位/+Y向上；物理占用与安装接口0.2m网格；共享FloorPlan/真实支撑；保留门洞、楼梯孔、.35m身体/1.72m眼高和功能点净空；读取真实文化作品/库存/到场/仪式时数；涉及动物角色母版见CHAR域，不从数值反推已渲染,LIFE-196,尺寸/配色按同母版参数派生，不重复计算独立模型,真实WebGL近/远可辨；细体素与PBR、光照和轮廓验收；资源按所有权释放；代码存在不等于美术合格
LIFE-197,晾晒架,文化生活,基础组件,文化生活,缺失待制,目标：提示词.md；对应系统存在不表示实体资产存在,程序精细体素+材质，复杂视觉件可选Tripo,米单位/+Y向上；物理占用与安装接口0.2m网格；共享FloorPlan/真实支撑；保留门洞、楼梯孔、.35m身体/1.72m眼高和功能点净空；读取真实文化作品/库存/到场/仪式时数；涉及动物角色母版见CHAR域，不从数值反推已渲染,LIFE-197,尺寸/配色按同母版参数派生，不重复计算独立模型,真实WebGL近/远可辨；细体素与PBR、光照和轮廓验收；资源按所有权释放；代码存在不等于美术合格
LIFE-198,洗衣设备,文化生活,基础组件,文化生活,缺失待制,目标：提示词.md；对应系统存在不表示实体资产存在,程序精细体素+材质，复杂视觉件可选Tripo,米单位/+Y向上；物理占用与安装接口0.2m网格；共享FloorPlan/真实支撑；保留门洞、楼梯孔、.35m身体/1.72m眼高和功能点净空；读取真实文化作品/库存/到场/仪式时数；涉及动物角色母版见CHAR域，不从数值反推已渲染,LIFE-198,尺寸/配色按同母版参数派生，不重复计算独立模型,真实WebGL近/远可辨；细体素与PBR、光照和轮廓验收；资源按所有权释放；代码存在不等于美术合格
LIFE-199,美容理发台,文化生活,基础组件,文化生活,缺失待制,目标：提示词.md；对应系统存在不表示实体资产存在,程序精细体素+材质，复杂视觉件可选Tripo,米单位/+Y向上；物理占用与安装接口0.2m网格；共享FloorPlan/真实支撑；保留门洞、楼梯孔、.35m身体/1.72m眼高和功能点净空；读取真实文化作品/库存/到场/仪式时数；涉及动物角色母版见CHAR域，不从数值反推已渲染,LIFE-199,尺寸/配色按同母版参数派生，不重复计算独立模型,真实WebGL近/远可辨；细体素与PBR、光照和轮廓验收；资源按所有权释放；代码存在不等于美术合格
LIFE-200,婚丧礼品包,文化生活,基础组件,文化生活,缺失待制,目标：提示词.md；对应系统存在不表示实体资产存在,程序精细体素+材质，复杂视觉件可选Tripo,米单位/+Y向上；物理占用与安装接口0.2m网格；共享FloorPlan/真实支撑；保留门洞、楼梯孔、.35m身体/1.72m眼高和功能点净空；读取真实文化作品/库存/到场/仪式时数；涉及动物角色母版见CHAR域，不从数值反推已渲染,LIFE-200,尺寸/配色按同母版参数派生，不重复计算独立模型,真实WebGL近/远可辨；细体素与PBR、光照和轮廓验收；资源按所有权释放；代码存在不等于美术合格
LIFE-201,画展/艺术空间配置,文化生活空间,组合模板,文化生活空间,缺失待制,目标：提示词.md；对应系统存在不表示实体资产存在,组件+真实行为日程/活动契约组合,米单位/+Y向上；物理占用与安装接口0.2m网格；共享FloorPlan/真实支撑；保留门洞、楼梯孔、.35m身体/1.72m眼高和功能点净空；family.ts婚丧到场已有逻辑、culture.ts创作阅读已有逻辑；对应成熟视觉空间需制作,LIFE-201,尺寸/配色按同母版参数派生，不重复计算独立模型,真实WebGL近/远可辨；细体素与PBR、光照和轮廓验收；资源按所有权释放；代码存在不等于美术合格
LIFE-202,诗文阅读发布配置,文化生活空间,组合模板,文化生活空间,缺失待制,目标：提示词.md；对应系统存在不表示实体资产存在,组件+真实行为日程/活动契约组合,米单位/+Y向上；物理占用与安装接口0.2m网格；共享FloorPlan/真实支撑；保留门洞、楼梯孔、.35m身体/1.72m眼高和功能点净空；family.ts婚丧到场已有逻辑、culture.ts创作阅读已有逻辑；对应成熟视觉空间需制作,LIFE-202,尺寸/配色按同母版参数派生，不重复计算独立模型,真实WebGL近/远可辨；细体素与PBR、光照和轮廓验收；资源按所有权释放；代码存在不等于美术合格
LIFE-203,音乐演出配置,文化生活空间,组合模板,文化生活空间,缺失待制,目标：提示词.md；对应系统存在不表示实体资产存在,组件+真实行为日程/活动契约组合,米单位/+Y向上；物理占用与安装接口0.2m网格；共享FloorPlan/真实支撑；保留门洞、楼梯孔、.35m身体/1.72m眼高和功能点净空；family.ts婚丧到场已有逻辑、culture.ts创作阅读已有逻辑；对应成熟视觉空间需制作,LIFE-203,尺寸/配色按同母版参数派生，不重复计算独立模型,真实WebGL近/远可辨；细体素与PBR、光照和轮廓验收；资源按所有权释放；代码存在不等于美术合格
LIFE-204,信仰礼仪场所配置,文化生活空间,组合模板,文化生活空间,缺失待制,目标：提示词.md；对应系统存在不表示实体资产存在,组件+真实行为日程/活动契约组合,米单位/+Y向上；物理占用与安装接口0.2m网格；共享FloorPlan/真实支撑；保留门洞、楼梯孔、.35m身体/1.72m眼高和功能点净空；family.ts婚丧到场已有逻辑、culture.ts创作阅读已有逻辑；对应成熟视觉空间需制作,LIFE-204,尺寸/配色按同母版参数派生，不重复计算独立模型,真实WebGL近/远可辨；细体素与PBR、光照和轮廓验收；资源按所有权释放；代码存在不等于美术合格
LIFE-205,哲学交流配置,文化生活空间,组合模板,文化生活空间,缺失待制,目标：提示词.md；对应系统存在不表示实体资产存在,组件+真实行为日程/活动契约组合,米单位/+Y向上；物理占用与安装接口0.2m网格；共享FloorPlan/真实支撑；保留门洞、楼梯孔、.35m身体/1.72m眼高和功能点净空；family.ts婚丧到场已有逻辑、culture.ts创作阅读已有逻辑；对应成熟视觉空间需制作,LIFE-205,尺寸/配色按同母版参数派生，不重复计算独立模型,真实WebGL近/远可辨；细体素与PBR、光照和轮廓验收；资源按所有权释放；代码存在不等于美术合格
LIFE-206,娱乐/棋牌室配置,文化生活空间,组合模板,文化生活空间,缺失待制,目标：提示词.md；对应系统存在不表示实体资产存在,组件+真实行为日程/活动契约组合,米单位/+Y向上；物理占用与安装接口0.2m网格；共享FloorPlan/真实支撑；保留门洞、楼梯孔、.35m身体/1.72m眼高和功能点净空；family.ts婚丧到场已有逻辑、culture.ts创作阅读已有逻辑；对应成熟视觉空间需制作,LIFE-206,尺寸/配色按同母版参数派生，不重复计算独立模型,真实WebGL近/远可辨；细体素与PBR、光照和轮廓验收；资源按所有权释放；代码存在不等于美术合格
LIFE-207,体育活动场地配置,文化生活空间,组合模板,文化生活空间,缺失待制,目标：提示词.md；对应系统存在不表示实体资产存在,组件+真实行为日程/活动契约组合,米单位/+Y向上；物理占用与安装接口0.2m网格；共享FloorPlan/真实支撑；保留门洞、楼梯孔、.35m身体/1.72m眼高和功能点净空；family.ts婚丧到场已有逻辑、culture.ts创作阅读已有逻辑；对应成熟视觉空间需制作,LIFE-207,尺寸/配色按同母版参数派生，不重复计算独立模型,真实WebGL近/远可辨；细体素与PBR、光照和轮廓验收；资源按所有权释放；代码存在不等于美术合格
LIFE-208,节庆公共空间配置,文化生活空间,组合模板,文化生活空间,缺失待制,目标：提示词.md；对应系统存在不表示实体资产存在,组件+真实行为日程/活动契约组合,米单位/+Y向上；物理占用与安装接口0.2m网格；共享FloorPlan/真实支撑；保留门洞、楼梯孔、.35m身体/1.72m眼高和功能点净空；family.ts婚丧到场已有逻辑、culture.ts创作阅读已有逻辑；对应成熟视觉空间需制作,LIFE-208,尺寸/配色按同母版参数派生，不重复计算独立模型,真实WebGL近/远可辨；细体素与PBR、光照和轮廓验收；资源按所有权释放；代码存在不等于美术合格
LIFE-209,婚礼现场配置,文化生活空间,组合模板,文化生活空间,缺失待制,目标：提示词.md；对应系统存在不表示实体资产存在,组件+真实行为日程/活动契约组合,米单位/+Y向上；物理占用与安装接口0.2m网格；共享FloorPlan/真实支撑；保留门洞、楼梯孔、.35m身体/1.72m眼高和功能点净空；family.ts婚丧到场已有逻辑、culture.ts创作阅读已有逻辑；对应成熟视觉空间需制作,LIFE-209,尺寸/配色按同母版参数派生，不重复计算独立模型,真实WebGL近/远可辨；细体素与PBR、光照和轮廓验收；资源按所有权释放；代码存在不等于美术合格
LIFE-210,葬仪现场配置,文化生活空间,组合模板,文化生活空间,缺失待制,目标：提示词.md；对应系统存在不表示实体资产存在,组件+真实行为日程/活动契约组合,米单位/+Y向上；物理占用与安装接口0.2m网格；共享FloorPlan/真实支撑；保留门洞、楼梯孔、.35m身体/1.72m眼高和功能点净空；family.ts婚丧到场已有逻辑、culture.ts创作阅读已有逻辑；对应成熟视觉空间需制作,LIFE-210,尺寸/配色按同母版参数派生，不重复计算独立模型,真实WebGL近/远可辨；细体素与PBR、光照和轮廓验收；资源按所有权释放；代码存在不等于美术合格
LIFE-211,社区茶室配置,文化生活空间,组合模板,文化生活空间,缺失待制,目标：提示词.md；对应系统存在不表示实体资产存在,组件+真实行为日程/活动契约组合,米单位/+Y向上；物理占用与安装接口0.2m网格；共享FloorPlan/真实支撑；保留门洞、楼梯孔、.35m身体/1.72m眼高和功能点净空；family.ts婚丧到场已有逻辑、culture.ts创作阅读已有逻辑；对应成熟视觉空间需制作,LIFE-211,尺寸/配色按同母版参数派生，不重复计算独立模型,真实WebGL近/远可辨；细体素与PBR、光照和轮廓验收；资源按所有权释放；代码存在不等于美术合格
LIFE-212,家庭家务动线配置,文化生活空间,组合模板,文化生活空间,缺失待制,目标：提示词.md；对应系统存在不表示实体资产存在,组件+真实行为日程/活动契约组合,米单位/+Y向上；物理占用与安装接口0.2m网格；共享FloorPlan/真实支撑；保留门洞、楼梯孔、.35m身体/1.72m眼高和功能点净空；family.ts婚丧到场已有逻辑、culture.ts创作阅读已有逻辑；对应成熟视觉空间需制作,LIFE-212,尺寸/配色按同母版参数派生，不重复计算独立模型,真实WebGL近/远可辨；细体素与PBR、光照和轮廓验收；资源按所有权释放；代码存在不等于美术合格
LIFE-213,游客接待空间配置,文化生活空间,组合模板,文化生活空间,缺失待制,目标：提示词.md；对应系统存在不表示实体资产存在,组件+真实行为日程/活动契约组合,米单位/+Y向上；物理占用与安装接口0.2m网格；共享FloorPlan/真实支撑；保留门洞、楼梯孔、.35m身体/1.72m眼高和功能点净空；family.ts婚丧到场已有逻辑、culture.ts创作阅读已有逻辑；对应成熟视觉空间需制作,LIFE-213,尺寸/配色按同母版参数派生，不重复计算独立模型,真实WebGL近/远可辨；细体素与PBR、光照和轮廓验收；资源按所有权释放；代码存在不等于美术合格
LIFE-214,宠物家庭空间配置,文化生活空间,组合模板,文化生活空间,缺失待制,目标：提示词.md；对应系统存在不表示实体资产存在,组件+真实行为日程/活动契约组合,米单位/+Y向上；物理占用与安装接口0.2m网格；共享FloorPlan/真实支撑；保留门洞、楼梯孔、.35m身体/1.72m眼高和功能点净空；family.ts婚丧到场已有逻辑、culture.ts创作阅读已有逻辑；对应成熟视觉空间需制作,LIFE-214,尺寸/配色按同母版参数派生，不重复计算独立模型,真实WebGL近/远可辨；细体素与PBR、光照和轮廓验收；资源按所有权释放；代码存在不等于美术合格
LIFE-215,木家具PBR材质集,室内材质,材质贴图,室内材质,缺失待制,目标：提示词.md；对应系统存在不表示实体资产存在,PBR材质/纹理制作；原文件保留，运行时预算另验,共享原asset/图集所有权；色彩空间/法线/粗糙金属约定；2K Tripo源图不冒称已优化成1K,LIFE-215,配色/磨损/品质为同材质可控变体，图集不是独立3D模型,真实WebGL近/远可辨；细体素与PBR、光照和轮廓验收；资源按所有权释放；代码存在不等于美术合格
LIFE-216,布料寝具PBR材质集,室内材质,材质贴图,室内材质,缺失待制,目标：提示词.md；对应系统存在不表示实体资产存在,PBR材质/纹理制作；原文件保留，运行时预算另验,共享原asset/图集所有权；色彩空间/法线/粗糙金属约定；2K Tripo源图不冒称已优化成1K,LIFE-216,配色/磨损/品质为同材质可控变体，图集不是独立3D模型,真实WebGL近/远可辨；细体素与PBR、光照和轮廓验收；资源按所有权释放；代码存在不等于美术合格
LIFE-217,沙发布料PBR材质集,室内材质,材质贴图,室内材质,缺失待制,目标：提示词.md；对应系统存在不表示实体资产存在,PBR材质/纹理制作；原文件保留，运行时预算另验,共享原asset/图集所有权；色彩空间/法线/粗糙金属约定；2K Tripo源图不冒称已优化成1K,LIFE-217,配色/磨损/品质为同材质可控变体，图集不是独立3D模型,真实WebGL近/远可辨；细体素与PBR、光照和轮廓验收；资源按所有权释放；代码存在不等于美术合格
LIFE-218,家具金属PBR材质集,室内材质,材质贴图,室内材质,缺失待制,目标：提示词.md；对应系统存在不表示实体资产存在,PBR材质/纹理制作；原文件保留，运行时预算另验,共享原asset/图集所有权；色彩空间/法线/粗糙金属约定；2K Tripo源图不冒称已优化成1K,LIFE-218,配色/磨损/品质为同材质可控变体，图集不是独立3D模型,真实WebGL近/远可辨；细体素与PBR、光照和轮廓验收；资源按所有权释放；代码存在不等于美术合格
LIFE-219,陶瓷卫浴PBR材质集,室内材质,材质贴图,室内材质,缺失待制,目标：提示词.md；对应系统存在不表示实体资产存在,PBR材质/纹理制作；原文件保留，运行时预算另验,共享原asset/图集所有权；色彩空间/法线/粗糙金属约定；2K Tripo源图不冒称已优化成1K,LIFE-219,配色/磨损/品质为同材质可控变体，图集不是独立3D模型,真实WebGL近/远可辨；细体素与PBR、光照和轮廓验收；资源按所有权释放；代码存在不等于美术合格
LIFE-220,餐具釉面PBR材质集,室内材质,材质贴图,室内材质,缺失待制,目标：提示词.md；对应系统存在不表示实体资产存在,PBR材质/纹理制作；原文件保留，运行时预算另验,共享原asset/图集所有权；色彩空间/法线/粗糙金属约定；2K Tripo源图不冒称已优化成1K,LIFE-220,配色/磨损/品质为同材质可控变体，图集不是独立3D模型,真实WebGL近/远可辨；细体素与PBR、光照和轮廓验收；资源按所有权释放；代码存在不等于美术合格
LIFE-221,室内玻璃/屏幕材质集,室内材质,材质贴图,室内材质,缺失待制,目标：提示词.md；对应系统存在不表示实体资产存在,PBR材质/纹理制作；原文件保留，运行时预算另验,共享原asset/图集所有权；色彩空间/法线/粗糙金属约定；2K Tripo源图不冒称已优化成1K,LIFE-221,配色/磨损/品质为同材质可控变体，图集不是独立3D模型,真实WebGL近/远可辨；细体素与PBR、光照和轮廓验收；资源按所有权释放；代码存在不等于美术合格
LIFE-222,食品原料贴图图集,室内材质,材质贴图,室内材质,缺失待制,目标：提示词.md；对应系统存在不表示实体资产存在,PBR材质/纹理制作；原文件保留，运行时预算另验,共享原asset/图集所有权；色彩空间/法线/粗糙金属约定；2K Tripo源图不冒称已优化成1K,LIFE-222,配色/磨损/品质为同材质可控变体，图集不是独立3D模型,真实WebGL近/远可辨；细体素与PBR、光照和轮廓验收；资源按所有权释放；代码存在不等于美术合格
LIFE-223,工业货物标签图集,室内材质,材质贴图,室内材质,缺失待制,目标：提示词.md；对应系统存在不表示实体资产存在,PBR材质/纹理制作；原文件保留，运行时预算另验,共享原asset/图集所有权；色彩空间/法线/粗糙金属约定；2K Tripo源图不冒称已优化成1K,LIFE-223,配色/磨损/品质为同材质可控变体，图集不是独立3D模型,真实WebGL近/远可辨；细体素与PBR、光照和轮廓验收；资源按所有权释放；代码存在不等于美术合格
LIFE-224,医学器械标签图集,室内材质,材质贴图,室内材质,缺失待制,目标：提示词.md；对应系统存在不表示实体资产存在,PBR材质/纹理制作；原文件保留，运行时预算另验,共享原asset/图集所有权；色彩空间/法线/粗糙金属约定；2K Tripo源图不冒称已优化成1K,LIFE-224,配色/磨损/品质为同材质可控变体，图集不是独立3D模型,真实WebGL近/远可辨；细体素与PBR、光照和轮廓验收；资源按所有权释放；代码存在不等于美术合格
LIFE-225,文化纸张/画面展示材质集,室内材质,材质贴图,室内材质,缺失待制,目标：提示词.md；对应系统存在不表示实体资产存在,PBR材质/纹理制作；原文件保留，运行时预算另验,共享原asset/图集所有权；色彩空间/法线/粗糙金属约定；2K Tripo源图不冒称已优化成1K,LIFE-225,配色/磨损/品质为同材质可控变体，图集不是独立3D模型,真实WebGL近/远可辨；细体素与PBR、光照和轮廓验收；资源按所有权释放；代码存在不等于美术合格
LIFE-226,家具磨损/边缘细节图集,室内材质,材质贴图,室内材质,缺失待制,目标：提示词.md；对应系统存在不表示实体资产存在,PBR材质/纹理制作；原文件保留，运行时预算另验,共享原asset/图集所有权；色彩空间/法线/粗糙金属约定；2K Tripo源图不冒称已优化成1K,LIFE-226,配色/磨损/品质为同材质可控变体，图集不是独立3D模型,真实WebGL近/远可辨；细体素与PBR、光照和轮廓验收；资源按所有权释放；代码存在不等于美术合格
